reviews,reviewers,rating,course_id,date
Highly recommended for anyone wanting to master this topic!,user_001,4,course-221,"Apr 17, 2022"
Comprehensive syllabus. Helped me transition into my new role.,user_001,5,course-190,"Apr 01, 2021"
Incredible course! Clear explanation of complex concepts.,user_001,5,course-011,"Sep 07, 2021"
"Fantastic instructor, great pace, and awesome community support.",user_001,5,course-112,"Jun 21, 2022"
Great depth of coverage and excellent reference reading material.,user_001,3,course-005,"Nov 14, 2021"
The assignments and real-world projects were top notch.,user_001,5,course-118,"Dec 08, 2021"
Incredible course! Clear explanation of complex concepts.,user_001,5,course-236,"Jun 07, 2022"
Highly recommended for anyone wanting to master this topic!,user_001,5,course-020,"Jun 07, 2022"
Great depth of coverage and excellent reference reading material.,user_001,4,course-250,"Dec 24, 2021"
Great depth of coverage and excellent reference reading material.,user_001,4,course-081,"Oct 23, 2022"
The assignments and real-world projects were top notch.,user_001,5,course-148,"Apr 16, 2021"
The assignments and real-world projects were top notch.,user_001,4,course-110,"Jun 27, 2021"
Great depth of coverage and excellent reference reading material.,user_001,5,course-147,"Feb 17, 2023"
The assignments and real-world projects were top notch.,user_001,5,course-104,"Sep 02, 2023"
"Fantastic instructor, great pace, and awesome community support.",user_001,5,course-182,"Apr 21, 2022"
Great depth of coverage and excellent reference reading material.,user_001,5,course-164,"Aug 17, 2022"
Highly recommended for anyone wanting to master this topic!,user_001,5,course-107,"Oct 21, 2022"
Highly recommended for anyone wanting to master this topic!,user_001,5,course-075,"Nov 27, 2021"
Practical and hands-on. Directly applicable to industry work.,user_001,5,course-030,"Nov 20, 2021"
Incredible course! Clear explanation of complex concepts.,user_001,4,course-237,"Apr 26, 2022"
Comprehensive syllabus. Helped me transition into my new role.,user_001,5,course-006,"Mar 27, 2023"
Incredible course! Clear explanation of complex concepts.,user_001,4,course-084,"Dec 27, 2021"
Highly recommended for anyone wanting to master this topic!,user_002,3,course-080,"Jun 04, 2022"
Highly recommended for anyone wanting to master this topic!,user_002,4,course-119,"Jul 22, 2022"
Practical and hands-on. Directly applicable to industry work.,user_002,5,course-116,"Jul 07, 2023"
Great depth of coverage and excellent reference reading material.,user_002,3,course-010,"Aug 09, 2022"
Comprehensive syllabus. Helped me transition into my new role.,user_002,5,course-015,"Sep 12, 2022"
The assignments and real-world projects were top notch.,user_002,5,course-095,"Sep 08, 2023"
Incredible course! Clear explanation of complex concepts.,user_002,3,course-213,"Apr 11, 2023"
Comprehensive syllabus. Helped me transition into my new role.,user_002,5,course-074,"Jan 02, 2023"
Practical and hands-on. Directly applicable to industry work.,user_002,3,course-020,"Jun 26, 2021"
Practical and hands-on. Directly applicable to industry work.,user_002,3,course-166,"Mar 25, 2022"
Highly recommended for anyone wanting to master this topic!,user_002,5,course-222,"Jun 20, 2022"
Comprehensive syllabus. Helped me transition into my new role.,user_002,5,course-219,"Jan 17, 2022"
Highly recommended for anyone wanting to master this topic!,user_003,5,course-100,"Jun 14, 2023"
Incredible course! Clear explanation of complex concepts.,user_003,4,course-105,"Aug 20, 2022"
Comprehensive syllabus. Helped me transition into my new role.,user_003,5,course-199,"Nov 14, 2021"
Practical and hands-on. Directly applicable to industry work.,user_003,5,course-087,"Nov 10, 2022"
Highly recommended for anyone wanting to master this topic!,user_003,4,course-174,"Dec 27, 2022"
Comprehensive syllabus. Helped me transition into my new role.,user_003,5,course-154,"Jul 27, 2022"
Great depth of coverage and excellent reference reading material.,user_003,4,course-014,"Dec 03, 2021"
Practical and hands-on. Directly applicable to industry work.,user_003,5,course-203,"Dec 21, 2022"
Practical and hands-on. Directly applicable to industry work.,user_003,5,course-162,"Dec 03, 2022"
Incredible course! Clear explanation of complex concepts.,user_003,5,course-166,"Oct 24, 2022"
Highly recommended for anyone wanting to master this topic!,user_003,5,course-086,"Jan 06, 2022"
Comprehensive syllabus. Helped me transition into my new role.,user_003,3,course-017,"Jul 04, 2021"
Comprehensive syllabus. Helped me transition into my new role.,user_003,5,course-085,"Aug 29, 2023"
The assignments and real-world projects were top notch.,user_003,5,course-025,"Aug 20, 2021"
The assignments and real-world projects were top notch.,user_003,5,course-143,"Mar 21, 2021"
Great depth of coverage and excellent reference reading material.,user_003,4,course-099,"Apr 14, 2021"
Highly recommended for anyone wanting to master this topic!,user_003,5,course-073,"May 06, 2023"
Highly recommended for anyone wanting to master this topic!,user_003,5,course-065,"Feb 08, 2021"
Great depth of coverage and excellent reference reading material.,user_003,5,course-186,"Sep 25, 2022"
Comprehensive syllabus. Helped me transition into my new role.,user_004,3,course-153,"Nov 24, 2022"
"Fantastic instructor, great pace, and awesome community support.",user_004,5,course-097,"Sep 18, 2022"
Practical and hands-on. Directly applicable to industry work.,user_004,4,course-040,"Mar 14, 2023"
Highly recommended for anyone wanting to master this topic!,user_004,5,course-042,"Sep 02, 2021"
Great depth of coverage and excellent reference reading material.,user_004,4,course-047,"Mar 15, 2023"
Great depth of coverage and excellent reference reading material.,user_004,5,course-213,"Jul 18, 2021"
Highly recommended for anyone wanting to master this topic!,user_004,4,course-178,"Mar 28, 2022"
Comprehensive syllabus. Helped me transition into my new role.,user_004,5,course-198,"Mar 08, 2023"
Highly recommended for anyone wanting to master this topic!,user_004,4,course-160,"Mar 05, 2022"
Great depth of coverage and excellent reference reading material.,user_004,5,course-208,"Jul 24, 2021"
The assignments and real-world projects were top notch.,user_004,5,course-232,"Jun 13, 2023"
Practical and hands-on. Directly applicable to industry work.,user_004,4,course-043,"May 08, 2022"
Highly recommended for anyone wanting to master this topic!,user_004,5,course-185,"Aug 15, 2023"
Great depth of coverage and excellent reference reading material.,user_004,4,course-113,"Jun 13, 2022"
Great depth of coverage and excellent reference reading material.,user_005,5,course-073,"Apr 07, 2022"
Incredible course! Clear explanation of complex concepts.,user_005,5,course-022,"Mar 01, 2022"
Highly recommended for anyone wanting to master this topic!,user_005,3,course-196,"Jan 18, 2022"
Incredible course! Clear explanation of complex concepts.,user_005,4,course-042,"Jan 19, 2022"
Comprehensive syllabus. Helped me transition into my new role.,user_005,4,course-070,"Aug 12, 2023"
Practical and hands-on. Directly applicable to industry work.,user_005,3,course-116,"Oct 28, 2022"
The assignments and real-world projects were top notch.,user_005,4,course-232,"May 21, 2021"
Great depth of coverage and excellent reference reading material.,user_005,3,course-132,"Apr 29, 2022"
The assignments and real-world projects were top notch.,user_005,5,course-038,"Feb 17, 2023"
"Fantastic instructor, great pace, and awesome community support.",user_005,5,course-213,"Sep 23, 2022"
Incredible course! Clear explanation of complex concepts.,user_005,3,course-112,"Jan 20, 2021"
Great depth of coverage and excellent reference reading material.,user_005,4,course-024,"Jun 03, 2021"
Practical and hands-on. Directly applicable to industry work.,user_005,5,course-243,"Sep 16, 2022"
Practical and hands-on. Directly applicable to industry work.,user_006,5,course-029,"May 28, 2021"
Incredible course! Clear explanation of complex concepts.,user_006,4,course-199,"Sep 22, 2022"
Highly recommended for anyone wanting to master this topic!,user_006,4,course-074,"Mar 03, 2022"
Practical and hands-on. Directly applicable to industry work.,user_006,4,course-061,"Mar 29, 2021"
Comprehensive syllabus. Helped me transition into my new role.,user_006,5,course-078,"Mar 11, 2021"
Highly recommended for anyone wanting to master this topic!,user_006,5,course-032,"Jun 04, 2022"
Highly recommended for anyone wanting to master this topic!,user_006,5,course-013,"Jul 22, 2022"
Great depth of coverage and excellent reference reading material.,user_006,3,course-062,"Apr 27, 2022"
"Fantastic instructor, great pace, and awesome community support.",user_006,3,course-108,"Jan 18, 2022"
Incredible course! Clear explanation of complex concepts.,user_006,4,course-164,"Jan 01, 2022"
Comprehensive syllabus. Helped me transition into my new role.,user_006,5,course-204,"Sep 04, 2021"
Practical and hands-on. Directly applicable to industry work.,user_006,5,course-160,"Apr 17, 2021"
Practical and hands-on. Directly applicable to industry work.,user_006,5,course-118,"Feb 14, 2023"
Incredible course! Clear explanation of complex concepts.,user_006,4,course-017,"Dec 27, 2021"
Great depth of coverage and excellent reference reading material.,user_006,5,course-250,"Oct 21, 2022"
Great depth of coverage and excellent reference reading material.,user_006,4,course-215,"Dec 03, 2022"
Practical and hands-on. Directly applicable to industry work.,user_006,5,course-232,"May 06, 2022"
Great depth of coverage and excellent reference reading material.,user_006,5,course-128,"May 19, 2021"
Great depth of coverage and excellent reference reading material.,user_006,3,course-153,"Aug 25, 2023"
Comprehensive syllabus. Helped me transition into my new role.,user_006,5,course-138,"Jul 26, 2021"
The assignments and real-world projects were top notch.,user_006,3,course-005,"Jun 27, 2023"
Comprehensive syllabus. Helped me transition into my new role.,user_006,3,course-162,"Jun 12, 2022"
Great depth of coverage and excellent reference reading material.,user_006,4,course-132,"Jul 11, 2022"
"Fantastic instructor, great pace, and awesome community support.",user_007,5,course-065,"Jan 12, 2022"
Highly recommended for anyone wanting to master this topic!,user_007,5,course-010,"Oct 01, 2021"
Practical and hands-on. Directly applicable to industry work.,user_007,5,course-193,"Mar 11, 2022"
Highly recommended for anyone wanting to master this topic!,user_007,3,course-166,"Apr 23, 2023"
Comprehensive syllabus. Helped me transition into my new role.,user_007,4,course-049,"Nov 25, 2021"
Comprehensive syllabus. Helped me transition into my new role.,user_007,4,course-074,"Nov 08, 2022"
"Fantastic instructor, great pace, and awesome community support.",user_007,4,course-092,"Sep 10, 2022"
The assignments and real-world projects were top notch.,user_007,5,course-221,"Dec 08, 2022"
"Fantastic instructor, great pace, and awesome community support.",user_007,5,course-200,"Feb 13, 2021"
Comprehensive syllabus. Helped me transition into my new role.,user_007,5,course-013,"Sep 22, 2022"
Comprehensive syllabus. Helped me transition into my new role.,user_007,5,course-222,"Oct 17, 2022"
Incredible course! Clear explanation of complex concepts.,user_007,5,course-168,"Mar 18, 2021"
"Fantastic instructor, great pace, and awesome community support.",user_007,5,course-085,"Jan 08, 2022"
Practical and hands-on. Directly applicable to industry work.,user_007,5,course-070,"Nov 27, 2022"
Incredible course! Clear explanation of complex concepts.,user_007,4,course-032,"May 27, 2021"
Practical and hands-on. Directly applicable to industry work.,user_007,5,course-205,"Mar 12, 2023"
The assignments and real-world projects were top notch.,user_007,5,course-095,"Mar 10, 2021"
Practical and hands-on. Directly applicable to industry work.,user_007,4,course-112,"Jan 11, 2022"
Highly recommended for anyone wanting to master this topic!,user_007,4,course-228,"Feb 03, 2021"
Practical and hands-on. Directly applicable to industry work.,user_007,5,course-103,"Apr 06, 2022"
Comprehensive syllabus. Helped me transition into my new role.,user_007,5,course-191,"Mar 31, 2022"
Highly recommended for anyone wanting to master this topic!,user_007,5,course-113,"May 21, 2021"
"Fantastic instructor, great pace, and awesome community support.",user_007,5,course-099,"Nov 18, 2021"
The assignments and real-world projects were top notch.,user_007,5,course-087,"Sep 11, 2023"
Practical and hands-on. Directly applicable to industry work.,user_007,4,course-048,"Jul 10, 2021"
Great depth of coverage and excellent reference reading material.,user_008,5,course-133,"Nov 30, 2022"
Comprehensive syllabus. Helped me transition into my new role.,user_008,5,course-100,"Nov 15, 2022"
Incredible course! Clear explanation of complex concepts.,user_008,4,course-234,"Jul 18, 2022"
Comprehensive syllabus. Helped me transition into my new role.,user_008,5,course-144,"May 22, 2023"
Practical and hands-on. Directly applicable to industry work.,user_008,4,course-031,"Aug 08, 2023"
The assignments and real-world projects were top notch.,user_008,5,course-068,"Mar 24, 2023"
The assignments and real-world projects were top notch.,user_008,4,course-199,"May 05, 2021"
Great depth of coverage and excellent reference reading material.,user_008,5,course-067,"May 23, 2021"
"Fantastic instructor, great pace, and awesome community support.",user_008,4,course-181,"Jan 27, 2021"
Highly recommended for anyone wanting to master this topic!,user_008,4,course-115,"Jan 13, 2022"
Highly recommended for anyone wanting to master this topic!,user_008,5,course-055,"May 13, 2021"
Incredible course! Clear explanation of complex concepts.,user_008,5,course-157,"Mar 09, 2021"
Practical and hands-on. Directly applicable to industry work.,user_008,4,course-074,"Jan 07, 2023"
"Fantastic instructor, great pace, and awesome community support.",user_008,5,course-178,"Feb 27, 2023"
Highly recommended for anyone wanting to master this topic!,user_008,5,course-235,"Mar 17, 2021"
Comprehensive syllabus. Helped me transition into my new role.,user_008,4,course-126,"Oct 20, 2022"
"Fantastic instructor, great pace, and awesome community support.",user_008,3,course-052,"Nov 28, 2022"
The assignments and real-world projects were top notch.,user_008,5,course-032,"Jun 19, 2023"
Highly recommended for anyone wanting to master this topic!,user_008,5,course-035,"Oct 18, 2022"
Great depth of coverage and excellent reference reading material.,user_008,5,course-219,"Sep 17, 2023"
Highly recommended for anyone wanting to master this topic!,user_008,4,course-019,"Jul 22, 2023"
Great depth of coverage and excellent reference reading material.,user_008,5,course-116,"May 08, 2021"
Comprehensive syllabus. Helped me transition into my new role.,user_008,5,course-045,"Jun 18, 2021"
Practical and hands-on. Directly applicable to industry work.,user_008,4,course-183,"Aug 19, 2021"
Highly recommended for anyone wanting to master this topic!,user_008,4,course-114,"Jul 06, 2023"
The assignments and real-world projects were top notch.,user_009,5,course-217,"Nov 06, 2022"
Highly recommended for anyone wanting to master this topic!,user_009,5,course-021,"Dec 12, 2021"
Highly recommended for anyone wanting to master this topic!,user_009,5,course-065,"Feb 12, 2021"
Incredible course! Clear explanation of complex concepts.,user_009,5,course-051,"Mar 25, 2021"
Practical and hands-on. Directly applicable to industry work.,user_009,3,course-163,"Mar 01, 2023"
Practical and hands-on. Directly applicable to industry work.,user_009,5,course-245,"Aug 04, 2021"
"Fantastic instructor, great pace, and awesome community support.",user_009,5,course-142,"Sep 25, 2022"
"Fantastic instructor, great pace, and awesome community support.",user_009,5,course-071,"Jun 30, 2023"
Comprehensive syllabus. Helped me transition into my new role.,user_009,5,course-033,"Oct 20, 2022"
"Fantastic instructor, great pace, and awesome community support.",user_009,5,course-161,"Sep 08, 2021"
Practical and hands-on. Directly applicable to industry work.,user_009,5,course-078,"Feb 20, 2022"
Incredible course! Clear explanation of complex concepts.,user_009,4,course-158,"Dec 07, 2022"
"Fantastic instructor, great pace, and awesome community support.",user_009,3,course-137,"Mar 02, 2022"
The assignments and real-world projects were top notch.,user_009,5,course-024,"Dec 15, 2021"
Comprehensive syllabus. Helped me transition into my new role.,user_009,5,course-129,"Jun 02, 2023"
Practical and hands-on. Directly applicable to industry work.,user_009,5,course-165,"Jun 01, 2023"
"Fantastic instructor, great pace, and awesome community support.",user_009,4,course-044,"May 14, 2021"
Highly recommended for anyone wanting to master this topic!,user_009,5,course-152,"Jul 30, 2022"
The assignments and real-world projects were top notch.,user_009,4,course-242,"Apr 23, 2022"
The assignments and real-world projects were top notch.,user_010,5,course-069,"Apr 14, 2023"
Highly recommended for anyone wanting to master this topic!,user_010,4,course-116,"Jan 09, 2023"
Great depth of coverage and excellent reference reading material.,user_010,4,course-064,"Jun 13, 2021"
Highly recommended for anyone wanting to master this topic!,user_010,5,course-037,"Apr 24, 2022"
Comprehensive syllabus. Helped me transition into my new role.,user_010,5,course-025,"May 25, 2022"
"Fantastic instructor, great pace, and awesome community support.",user_010,3,course-013,"Jun 02, 2022"
The assignments and real-world projects were top notch.,user_010,5,course-075,"Aug 09, 2021"
Incredible course! Clear explanation of complex concepts.,user_010,5,course-243,"Feb 21, 2021"
Highly recommended for anyone wanting to master this topic!,user_010,4,course-099,"Jun 23, 2023"
Practical and hands-on. Directly applicable to industry work.,user_010,5,course-222,"Apr 27, 2022"
Incredible course! Clear explanation of complex concepts.,user_010,4,course-158,"May 18, 2023"
The assignments and real-world projects were top notch.,user_010,4,course-108,"Jun 23, 2023"
Comprehensive syllabus. Helped me transition into my new role.,user_010,4,course-247,"Feb 22, 2023"
Incredible course! Clear explanation of complex concepts.,user_011,4,course-094,"Feb 08, 2022"
Comprehensive syllabus. Helped me transition into my new role.,user_011,4,course-012,"Jul 26, 2022"
Great depth of coverage and excellent reference reading material.,user_011,5,course-103,"May 28, 2021"
Highly recommended for anyone wanting to master this topic!,user_011,4,course-014,"Feb 16, 2022"
Incredible course! Clear explanation of complex concepts.,user_011,5,course-146,"Feb 09, 2021"
Comprehensive syllabus. Helped me transition into my new role.,user_011,4,course-144,"Apr 04, 2023"
"Fantastic instructor, great pace, and awesome community support.",user_011,5,course-050,"Jun 02, 2021"
Highly recommended for anyone wanting to master this topic!,user_011,5,course-093,"May 24, 2021"
Highly recommended for anyone wanting to master this topic!,user_011,4,course-142,"Nov 23, 2021"
Highly recommended for anyone wanting to master this topic!,user_011,4,course-074,"Jan 28, 2023"
Highly recommended for anyone wanting to master this topic!,user_011,5,course-019,"Dec 11, 2021"
Highly recommended for anyone wanting to master this topic!,user_011,5,course-099,"Jun 30, 2022"
Highly recommended for anyone wanting to master this topic!,user_011,5,course-130,"Nov 03, 2021"
Incredible course! Clear explanation of complex concepts.,user_011,5,course-116,"Jan 13, 2022"
Incredible course! Clear explanation of complex concepts.,user_011,4,course-196,"Mar 03, 2022"
Great depth of coverage and excellent reference reading material.,user_011,5,course-141,"Jul 10, 2023"
Practical and hands-on. Directly applicable to industry work.,user_011,5,course-072,"Oct 07, 2022"
"Fantastic instructor, great pace, and awesome community support.",user_011,3,course-212,"Sep 29, 2021"
Great depth of coverage and excellent reference reading material.,user_011,5,course-160,"Sep 23, 2023"
Highly recommended for anyone wanting to master this topic!,user_011,5,course-175,"Aug 22, 2021"
Highly recommended for anyone wanting to master this topic!,user_011,5,course-157,"May 07, 2022"
Practical and hands-on. Directly applicable to industry work.,user_011,4,course-031,"Jan 09, 2023"
Great depth of coverage and excellent reference reading material.,user_012,5,course-038,"May 19, 2023"
Incredible course! Clear explanation of complex concepts.,user_012,5,course-211,"Dec 24, 2022"
The assignments and real-world projects were top notch.,user_012,4,course-175,"Jul 29, 2022"
Practical and hands-on. Directly applicable to industry work.,user_012,4,course-063,"May 05, 2022"
Comprehensive syllabus. Helped me transition into my new role.,user_012,5,course-009,"Sep 07, 2023"
Highly recommended for anyone wanting to master this topic!,user_012,4,course-147,"Dec 17, 2021"
Practical and hands-on. Directly applicable to industry work.,user_012,5,course-243,"Mar 02, 2023"
Practical and hands-on. Directly applicable to industry work.,user_012,5,course-180,"Oct 21, 2022"
Comprehensive syllabus. Helped me transition into my new role.,user_012,5,course-029,"Sep 17, 2022"
The assignments and real-world projects were top notch.,user_012,5,course-049,"Oct 13, 2021"
The assignments and real-world projects were top notch.,user_012,5,course-005,"Aug 23, 2023"
Comprehensive syllabus. Helped me transition into my new role.,user_012,5,course-113,"Mar 01, 2023"
The assignments and real-world projects were top notch.,user_012,4,course-081,"Dec 08, 2022"
Comprehensive syllabus. Helped me transition into my new role.,user_012,5,course-108,"May 07, 2022"
Great depth of coverage and excellent reference reading material.,user_012,4,course-039,"Jan 09, 2023"
Incredible course! Clear explanation of complex concepts.,user_012,4,course-106,"Aug 11, 2022"
"Fantastic instructor, great pace, and awesome community support.",user_012,5,course-177,"Jul 07, 2023"
Great depth of coverage and excellent reference reading material.,user_012,5,course-053,"Dec 20, 2021"
Great depth of coverage and excellent reference reading material.,user_012,5,course-235,"May 30, 2021"
Comprehensive syllabus. Helped me transition into my new role.,user_012,4,course-129,"Sep 06, 2023"
Comprehensive syllabus. Helped me transition into my new role.,user_012,5,course-199,"Aug 05, 2023"
Comprehensive syllabus. Helped me transition into my new role.,user_012,5,course-157,"Feb 05, 2023"
Practical and hands-on. Directly applicable to industry work.,user_013,5,course-055,"Apr 29, 2022"
Great depth of coverage and excellent reference reading material.,user_013,4,course-052,"May 21, 2021"
Highly recommended for anyone wanting to master this topic!,user_013,3,course-212,"Aug 10, 2023"
Practical and hands-on. Directly applicable to industry work.,user_013,4,course-138,"Aug 16, 2023"
"Fantastic instructor, great pace, and awesome community support.",user_013,5,course-070,"May 04, 2022"
Great depth of coverage and excellent reference reading material.,user_013,5,course-239,"Sep 15, 2023"
Comprehensive syllabus. Helped me transition into my new role.,user_013,4,course-144,"Oct 24, 2022"
Great depth of coverage and excellent reference reading material.,user_013,3,course-179,"Apr 02, 2021"
The assignments and real-world projects were top notch.,user_013,5,course-246,"Jul 02, 2022"
Great depth of coverage and excellent reference reading material.,user_013,5,course-036,"Aug 18, 2023"
The assignments and real-world projects were top notch.,user_013,3,course-028,"Mar 04, 2022"
The assignments and real-world projects were top notch.,user_013,5,course-158,"Aug 15, 2023"
Great depth of coverage and excellent reference reading material.,user_013,5,course-190,"Feb 11, 2022"
The assignments and real-world projects were top notch.,user_013,5,course-151,"Aug 18, 2023"
Great depth of coverage and excellent reference reading material.,user_013,5,course-062,"Aug 07, 2023"
Incredible course! Clear explanation of complex concepts.,user_013,4,course-063,"Jan 10, 2021"
Highly recommended for anyone wanting to master this topic!,user_013,4,course-013,"Apr 20, 2021"
Comprehensive syllabus. Helped me transition into my new role.,user_013,5,course-172,"Oct 19, 2021"
Practical and hands-on. Directly applicable to industry work.,user_013,5,course-232,"Jul 11, 2022"
The assignments and real-world projects were top notch.,user_013,5,course-136,"May 22, 2023"
Comprehensive syllabus. Helped me transition into my new role.,user_013,5,course-058,"Jul 17, 2021"
Comprehensive syllabus. Helped me transition into my new role.,user_013,5,course-164,"Jun 16, 2021"
Practical and hands-on. Directly applicable to industry work.,user_013,5,course-060,"Sep 21, 2021"
Incredible course! Clear explanation of complex concepts.,user_013,5,course-014,"Jan 25, 2023"
Comprehensive syllabus. Helped me transition into my new role.,user_013,4,course-026,"Aug 05, 2022"
The assignments and real-world projects were top notch.,user_014,5,course-045,"Jan 07, 2021"
The assignments and real-world projects were top notch.,user_014,4,course-157,"Apr 03, 2022"
Comprehensive syllabus. Helped me transition into my new role.,user_014,5,course-220,"Nov 06, 2021"
Highly recommended for anyone wanting to master this topic!,user_014,5,course-164,"Jan 12, 2021"
Comprehensive syllabus. Helped me transition into my new role.,user_014,4,course-230,"Dec 11, 2022"
Practical and hands-on. Directly applicable to industry work.,user_014,4,course-104,"May 02, 2021"
The assignments and real-world projects were top notch.,user_014,5,course-212,"Feb 20, 2022"
Practical and hands-on. Directly applicable to industry work.,user_014,5,course-110,"Feb 28, 2023"
Incredible course! Clear explanation of complex concepts.,user_014,4,course-132,"Oct 17, 2022"
Comprehensive syllabus. Helped me transition into my new role.,user_014,5,course-084,"Jan 12, 2022"
The assignments and real-world projects were top notch.,user_014,5,course-023,"Sep 08, 2023"
The assignments and real-world projects were top notch.,user_014,4,course-103,"Apr 11, 2022"
Highly recommended for anyone wanting to master this topic!,user_014,5,course-172,"Jan 18, 2022"
Highly recommended for anyone wanting to master this topic!,user_014,5,course-025,"Jul 24, 2023"
Highly recommended for anyone wanting to master this topic!,user_014,5,course-048,"Apr 02, 2023"
The assignments and real-world projects were top notch.,user_014,5,course-036,"Feb 20, 2023"
Highly recommended for anyone wanting to master this topic!,user_015,5,course-175,"Jul 27, 2021"
The assignments and real-world projects were top notch.,user_015,5,course-194,"Jun 18, 2021"
Highly recommended for anyone wanting to master this topic!,user_015,4,course-153,"Mar 29, 2022"
The assignments and real-world projects were top notch.,user_015,4,course-224,"Jan 05, 2023"
Incredible course! Clear explanation of complex concepts.,user_015,5,course-202,"Jul 10, 2023"
Great depth of coverage and excellent reference reading material.,user_015,5,course-021,"Feb 26, 2021"
Highly recommended for anyone wanting to master this topic!,user_015,5,course-135,"Mar 02, 2022"
Incredible course! Clear explanation of complex concepts.,user_015,5,course-115,"Jul 27, 2022"
Great depth of coverage and excellent reference reading material.,user_015,5,course-136,"Nov 12, 2021"
"Fantastic instructor, great pace, and awesome community support.",user_015,5,course-181,"Sep 18, 2021"
Practical and hands-on. Directly applicable to industry work.,user_015,5,course-093,"Aug 12, 2021"
Incredible course! Clear explanation of complex concepts.,user_015,5,course-020,"Mar 10, 2022"
Incredible course! Clear explanation of complex concepts.,user_015,4,course-235,"Jul 09, 2022"
Incredible course! Clear explanation of complex concepts.,user_015,5,course-145,"Aug 15, 2023"
Comprehensive syllabus. Helped me transition into my new role.,user_015,5,course-029,"Feb 23, 2022"
The assignments and real-world projects were top notch.,user_015,4,course-016,"Feb 24, 2023"
Practical and hands-on. Directly applicable to industry work.,user_015,5,course-213,"Oct 24, 2022"
The assignments and real-world projects were top notch.,user_016,4,course-096,"May 05, 2023"
Incredible course! Clear explanation of complex concepts.,user_016,3,course-229,"Nov 02, 2021"
Practical and hands-on. Directly applicable to industry work.,user_016,5,course-098,"Jul 12, 2022"
"Fantastic instructor, great pace, and awesome community support.",user_016,5,course-115,"Apr 24, 2023"
"Fantastic instructor, great pace, and awesome community support.",user_016,4,course-223,"Dec 21, 2021"
The assignments and real-world projects were top notch.,user_016,4,course-235,"Aug 18, 2023"
Great depth of coverage and excellent reference reading material.,user_016,5,course-233,"Apr 26, 2021"
Practical and hands-on. Directly applicable to industry work.,user_016,3,course-097,"Mar 06, 2022"
Incredible course! Clear explanation of complex concepts.,user_016,5,course-243,"Sep 04, 2021"
Incredible course! Clear explanation of complex concepts.,user_016,4,course-021,"Sep 01, 2022"
Highly recommended for anyone wanting to master this topic!,user_016,3,course-175,"Nov 20, 2022"
Incredible course! Clear explanation of complex concepts.,user_016,5,course-170,"Sep 08, 2021"
"Fantastic instructor, great pace, and awesome community support.",user_016,5,course-224,"Mar 26, 2022"
The assignments and real-world projects were top notch.,user_016,4,course-139,"Feb 12, 2023"
Incredible course! Clear explanation of complex concepts.,user_016,5,course-035,"May 24, 2021"
Comprehensive syllabus. Helped me transition into my new role.,user_016,5,course-168,"Aug 28, 2021"
Practical and hands-on. Directly applicable to industry work.,user_016,5,course-221,"Aug 13, 2022"
Highly recommended for anyone wanting to master this topic!,user_016,4,course-090,"Mar 03, 2023"
Comprehensive syllabus. Helped me transition into my new role.,user_016,5,course-031,"Aug 31, 2021"
The assignments and real-world projects were top notch.,user_016,4,course-046,"Nov 08, 2022"
"Fantastic instructor, great pace, and awesome community support.",user_016,5,course-138,"Nov 04, 2021"
Highly recommended for anyone wanting to master this topic!,user_016,4,course-101,"Aug 30, 2023"
Practical and hands-on. Directly applicable to industry work.,user_016,5,course-136,"Jul 23, 2023"
"Fantastic instructor, great pace, and awesome community support.",user_017,5,course-161,"Jun 02, 2021"
The assignments and real-world projects were top notch.,user_017,4,course-174,"Feb 12, 2023"
The assignments and real-world projects were top notch.,user_017,5,course-110,"May 20, 2023"
Great depth of coverage and excellent reference reading material.,user_017,4,course-143,"Dec 26, 2022"
"Fantastic instructor, great pace, and awesome community support.",user_017,4,course-127,"Jul 26, 2023"
"Fantastic instructor, great pace, and awesome community support.",user_017,3,course-013,"Sep 19, 2023"
Highly recommended for anyone wanting to master this topic!,user_017,5,course-249,"May 18, 2021"
Comprehensive syllabus. Helped me transition into my new role.,user_017,4,course-089,"Jul 28, 2021"
Incredible course! Clear explanation of complex concepts.,user_017,4,course-242,"Aug 03, 2023"
Comprehensive syllabus. Helped me transition into my new role.,user_017,5,course-165,"Apr 05, 2021"
Great depth of coverage and excellent reference reading material.,user_017,5,course-172,"Jul 15, 2021"
"Fantastic instructor, great pace, and awesome community support.",user_017,3,course-098,"Nov 21, 2022"
Incredible course! Clear explanation of complex concepts.,user_017,5,course-202,"Jun 14, 2023"
Great depth of coverage and excellent reference reading material.,user_017,3,course-135,"Feb 19, 2023"
Practical and hands-on. Directly applicable to industry work.,user_017,5,course-082,"Jul 27, 2022"
The assignments and real-world projects were top notch.,user_018,5,course-123,"Dec 14, 2022"
The assignments and real-world projects were top notch.,user_018,5,course-054,"Feb 11, 2022"
Highly recommended for anyone wanting to master this topic!,user_018,5,course-223,"Nov 26, 2021"
"Fantastic instructor, great pace, and awesome community support.",user_018,5,course-233,"Apr 23, 2022"
Comprehensive syllabus. Helped me transition into my new role.,user_018,5,course-086,"Nov 12, 2021"
Highly recommended for anyone wanting to master this topic!,user_018,4,course-078,"Jun 23, 2023"
Incredible course! Clear explanation of complex concepts.,user_018,5,course-245,"Apr 03, 2023"
"Fantastic instructor, great pace, and awesome community support.",user_018,5,course-004,"Feb 19, 2023"
The assignments and real-world projects were top notch.,user_018,5,course-055,"Jan 15, 2022"
Incredible course! Clear explanation of complex concepts.,user_018,4,course-240,"Jul 31, 2022"
Practical and hands-on. Directly applicable to industry work.,user_018,5,course-049,"May 30, 2021"
Highly recommended for anyone wanting to master this topic!,user_018,3,course-247,"Aug 16, 2023"
Practical and hands-on. Directly applicable to industry work.,user_018,5,course-190,"Mar 04, 2022"
The assignments and real-world projects were top notch.,user_018,4,course-031,"Dec 04, 2021"
Highly recommended for anyone wanting to master this topic!,user_018,4,course-192,"May 04, 2023"
Highly recommended for anyone wanting to master this topic!,user_018,4,course-194,"Nov 02, 2022"
Incredible course! Clear explanation of complex concepts.,user_019,5,course-066,"Jun 21, 2022"
Great depth of coverage and excellent reference reading material.,user_019,3,course-196,"Mar 18, 2021"
Practical and hands-on. Directly applicable to industry work.,user_019,5,course-211,"Feb 19, 2021"
"Fantastic instructor, great pace, and awesome community support.",user_019,5,course-126,"May 21, 2021"
The assignments and real-world projects were top notch.,user_019,5,course-248,"Mar 11, 2021"
Incredible course! Clear explanation of complex concepts.,user_019,5,course-186,"Aug 12, 2021"
Comprehensive syllabus. Helped me transition into my new role.,user_019,5,course-165,"Mar 03, 2021"
Practical and hands-on. Directly applicable to industry work.,user_019,5,course-190,"Aug 15, 2023"
"Fantastic instructor, great pace, and awesome community support.",user_019,5,course-118,"Nov 07, 2022"
Incredible course! Clear explanation of complex concepts.,user_019,5,course-044,"Jun 29, 2022"
Incredible course! Clear explanation of complex concepts.,user_019,5,course-188,"Jan 18, 2021"
Comprehensive syllabus. Helped me transition into my new role.,user_019,5,course-204,"Jul 03, 2022"
Incredible course! Clear explanation of complex concepts.,user_019,5,course-091,"May 30, 2022"
Practical and hands-on. Directly applicable to industry work.,user_019,5,course-036,"Mar 17, 2022"
The assignments and real-world projects were top notch.,user_019,5,course-185,"Apr 20, 2021"
Highly recommended for anyone wanting to master this topic!,user_019,5,course-140,"Jun 02, 2021"
Highly recommended for anyone wanting to master this topic!,user_019,4,course-048,"Jun 24, 2022"
Comprehensive syllabus. Helped me transition into my new role.,user_019,4,course-235,"Oct 01, 2021"
Incredible course! Clear explanation of complex concepts.,user_019,5,course-228,"Jan 18, 2022"
"Fantastic instructor, great pace, and awesome community support.",user_019,5,course-139,"Aug 02, 2022"
Practical and hands-on. Directly applicable to industry work.,user_020,5,course-179,"Jan 10, 2021"
Incredible course! Clear explanation of complex concepts.,user_020,5,course-058,"May 27, 2022"
Practical and hands-on. Directly applicable to industry work.,user_020,5,course-077,"Mar 15, 2023"
Great depth of coverage and excellent reference reading material.,user_020,4,course-176,"Sep 25, 2023"
Highly recommended for anyone wanting to master this topic!,user_020,3,course-212,"Jul 31, 2023"
The assignments and real-world projects were top notch.,user_020,3,course-218,"Jul 12, 2023"
Highly recommended for anyone wanting to master this topic!,user_020,5,course-021,"May 02, 2022"
Incredible course! Clear explanation of complex concepts.,user_020,4,course-168,"Dec 02, 2022"
Highly recommended for anyone wanting to master this topic!,user_020,5,course-220,"Aug 01, 2022"
The assignments and real-world projects were top notch.,user_020,5,course-167,"Aug 10, 2023"
Incredible course! Clear explanation of complex concepts.,user_020,5,course-195,"Sep 12, 2023"
The assignments and real-world projects were top notch.,user_020,4,course-009,"Feb 10, 2023"
Great depth of coverage and excellent reference reading material.,user_020,5,course-024,"Feb 12, 2022"
Comprehensive syllabus. Helped me transition into my new role.,user_020,5,course-104,"Jun 16, 2021"
Highly recommended for anyone wanting to master this topic!,user_020,5,course-098,"May 05, 2023"
Practical and hands-on. Directly applicable to industry work.,user_020,5,course-097,"Jul 08, 2023"
"Fantastic instructor, great pace, and awesome community support.",user_020,5,course-142,"Feb 13, 2023"
Great depth of coverage and excellent reference reading material.,user_021,4,course-203,"Sep 21, 2022"
"Fantastic instructor, great pace, and awesome community support.",user_021,5,course-177,"Sep 20, 2023"
Incredible course! Clear explanation of complex concepts.,user_021,5,course-186,"Oct 12, 2022"
"Fantastic instructor, great pace, and awesome community support.",user_021,4,course-021,"May 18, 2022"
Highly recommended for anyone wanting to master this topic!,user_021,4,course-129,"Aug 22, 2023"
The assignments and real-world projects were top notch.,user_021,4,course-191,"Nov 28, 2022"
"Fantastic instructor, great pace, and awesome community support.",user_021,5,course-250,"Mar 29, 2021"
Comprehensive syllabus. Helped me transition into my new role.,user_021,5,course-089,"Mar 29, 2023"
Incredible course! Clear explanation of complex concepts.,user_021,4,course-014,"Mar 26, 2021"
"Fantastic instructor, great pace, and awesome community support.",user_021,4,course-026,"Dec 30, 2022"
The assignments and real-world projects were top notch.,user_021,5,course-112,"Jan 28, 2023"
Comprehensive syllabus. Helped me transition into my new role.,user_021,4,course-060,"Apr 20, 2021"
Comprehensive syllabus. Helped me transition into my new role.,user_021,3,course-215,"Apr 01, 2022"
Comprehensive syllabus. Helped me transition into my new role.,user_021,4,course-020,"Apr 15, 2021"
Great depth of coverage and excellent reference reading material.,user_022,5,course-023,"Jan 30, 2022"
"Fantastic instructor, great pace, and awesome community support.",user_022,3,course-048,"Feb 02, 2022"
Practical and hands-on. Directly applicable to industry work.,user_022,5,course-111,"Jul 12, 2023"
The assignments and real-world projects were top notch.,user_022,5,course-115,"Aug 09, 2022"
Practical and hands-on. Directly applicable to industry work.,user_022,5,course-143,"Jan 25, 2022"
Comprehensive syllabus. Helped me transition into my new role.,user_022,4,course-132,"Nov 05, 2021"
The assignments and real-world projects were top notch.,user_022,4,course-105,"Mar 06, 2021"
Comprehensive syllabus. Helped me transition into my new role.,user_022,4,course-027,"Mar 08, 2022"
Great depth of coverage and excellent reference reading material.,user_022,4,course-007,"Mar 20, 2021"
The assignments and real-world projects were top notch.,user_022,4,course-091,"Jan 09, 2023"
Highly recommended for anyone wanting to master this topic!,user_022,5,course-142,"Sep 24, 2022"
Incredible course! Clear explanation of complex concepts.,user_022,4,course-024,"May 19, 2021"
"Fantastic instructor, great pace, and awesome community support.",user_022,4,course-153,"Dec 07, 2021"
"Fantastic instructor, great pace, and awesome community support.",user_022,5,course-154,"Apr 04, 2023"
Comprehensive syllabus. Helped me transition into my new role.,user_023,4,course-113,"Oct 26, 2021"
Practical and hands-on. Directly applicable to industry work.,user_023,5,course-086,"May 18, 2022"
Great depth of coverage and excellent reference reading material.,user_023,5,course-111,"Sep 06, 2021"
Comprehensive syllabus. Helped me transition into my new role.,user_023,4,course-209,"Apr 17, 2023"
Comprehensive syllabus. Helped me transition into my new role.,user_023,5,course-211,"Apr 27, 2021"
The assignments and real-world projects were top notch.,user_023,5,course-221,"Aug 30, 2022"
The assignments and real-world projects were top notch.,user_023,5,course-167,"Nov 30, 2022"
Incredible course! Clear explanation of complex concepts.,user_023,5,course-250,"Sep 03, 2023"
Practical and hands-on. Directly applicable to industry work.,user_023,5,course-153,"Aug 03, 2021"
Comprehensive syllabus. Helped me transition into my new role.,user_023,5,course-035,"May 02, 2023"
Great depth of coverage and excellent reference reading material.,user_023,5,course-077,"May 19, 2023"
"Fantastic instructor, great pace, and awesome community support.",user_023,5,course-083,"Nov 21, 2022"
Practical and hands-on. Directly applicable to industry work.,user_023,5,course-155,"Nov 07, 2021"
Practical and hands-on. Directly applicable to industry work.,user_023,4,course-243,"Jun 07, 2021"
Great depth of coverage and excellent reference reading material.,user_023,5,course-178,"Jan 22, 2022"
Highly recommended for anyone wanting to master this topic!,user_023,3,course-052,"May 06, 2022"
Highly recommended for anyone wanting to master this topic!,user_023,5,course-123,"Jun 03, 2022"
Great depth of coverage and excellent reference reading material.,user_023,5,course-081,"Dec 10, 2022"
Incredible course! Clear explanation of complex concepts.,user_023,5,course-046,"Mar 21, 2023"
Practical and hands-on. Directly applicable to industry work.,user_023,5,course-247,"Jul 06, 2023"
Great depth of coverage and excellent reference reading material.,user_024,5,course-028,"Dec 06, 2021"
"Fantastic instructor, great pace, and awesome community support.",user_024,5,course-197,"Apr 19, 2021"
Comprehensive syllabus. Helped me transition into my new role.,user_024,3,course-064,"Aug 16, 2021"
Highly recommended for anyone wanting to master this topic!,user_024,5,course-169,"Jul 26, 2022"
Highly recommended for anyone wanting to master this topic!,user_024,5,course-171,"Aug 15, 2021"
"Fantastic instructor, great pace, and awesome community support.",user_024,5,course-091,"Apr 20, 2022"
Highly recommended for anyone wanting to master this topic!,user_024,5,course-043,"Dec 09, 2022"
Comprehensive syllabus. Helped me transition into my new role.,user_024,5,course-166,"Jan 26, 2021"
Comprehensive syllabus. Helped me transition into my new role.,user_024,5,course-157,"Mar 02, 2022"
Incredible course! Clear explanation of complex concepts.,user_024,5,course-012,"Apr 29, 2021"
Practical and hands-on. Directly applicable to industry work.,user_024,5,course-145,"May 26, 2021"
Comprehensive syllabus. Helped me transition into my new role.,user_024,4,course-174,"Apr 12, 2022"
Comprehensive syllabus. Helped me transition into my new role.,user_025,3,course-134,"Oct 26, 2022"
Great depth of coverage and excellent reference reading material.,user_025,4,course-124,"Jun 18, 2021"
Practical and hands-on. Directly applicable to industry work.,user_025,5,course-090,"Sep 07, 2021"
Highly recommended for anyone wanting to master this topic!,user_025,5,course-122,"Jun 13, 2021"
"Fantastic instructor, great pace, and awesome community support.",user_025,4,course-025,"Sep 09, 2023"
Great depth of coverage and excellent reference reading material.,user_025,5,course-113,"Feb 19, 2022"
The assignments and real-world projects were top notch.,user_025,5,course-185,"Oct 18, 2022"
"Fantastic instructor, great pace, and awesome community support.",user_025,5,course-179,"Jan 30, 2021"
The assignments and real-world projects were top notch.,user_025,5,course-116,"Apr 06, 2022"
"Fantastic instructor, great pace, and awesome community support.",user_025,5,course-082,"Jan 05, 2021"
The assignments and real-world projects were top notch.,user_025,5,course-018,"Oct 13, 2021"
Great depth of coverage and excellent reference reading material.,user_025,5,course-077,"Mar 27, 2023"
Incredible course! Clear explanation of complex concepts.,user_025,3,course-012,"Mar 30, 2023"
The assignments and real-world projects were top notch.,user_025,5,course-208,"Jan 10, 2022"
"Fantastic instructor, great pace, and awesome community support.",user_025,4,course-182,"Apr 27, 2021"
Great depth of coverage and excellent reference reading material.,user_025,4,course-030,"May 17, 2022"
The assignments and real-world projects were top notch.,user_026,3,course-153,"Nov 17, 2021"
Comprehensive syllabus. Helped me transition into my new role.,user_026,4,course-100,"Apr 30, 2021"
Practical and hands-on. Directly applicable to industry work.,user_026,4,course-157,"May 25, 2021"
"Fantastic instructor, great pace, and awesome community support.",user_026,5,course-101,"Sep 03, 2022"
"Fantastic instructor, great pace, and awesome community support.",user_026,4,course-151,"Mar 10, 2022"
Practical and hands-on. Directly applicable to industry work.,user_026,4,course-030,"Jul 05, 2022"
Practical and hands-on. Directly applicable to industry work.,user_026,5,course-090,"Aug 12, 2023"
Highly recommended for anyone wanting to master this topic!,user_026,5,course-091,"Jun 20, 2021"
The assignments and real-world projects were top notch.,user_026,5,course-217,"Jul 11, 2021"
"Fantastic instructor, great pace, and awesome community support.",user_026,4,course-118,"Sep 27, 2022"
Comprehensive syllabus. Helped me transition into my new role.,user_026,3,course-159,"Sep 02, 2023"
The assignments and real-world projects were top notch.,user_026,3,course-045,"Jul 19, 2021"
Highly recommended for anyone wanting to master this topic!,user_026,5,course-209,"Jun 02, 2022"
"Fantastic instructor, great pace, and awesome community support.",user_026,5,course-173,"Dec 03, 2022"
Practical and hands-on. Directly applicable to industry work.,user_026,5,course-181,"May 11, 2023"
The assignments and real-world projects were top notch.,user_026,5,course-205,"Mar 26, 2021"
Great depth of coverage and excellent reference reading material.,user_026,5,course-077,"Feb 19, 2023"
Incredible course! Clear explanation of complex concepts.,user_026,4,course-236,"Oct 09, 2021"
Comprehensive syllabus. Helped me transition into my new role.,user_026,4,course-158,"Jun 22, 2021"
Highly recommended for anyone wanting to master this topic!,user_026,5,course-152,"Jan 31, 2023"
Great depth of coverage and excellent reference reading material.,user_027,4,course-141,"Feb 03, 2021"
Comprehensive syllabus. Helped me transition into my new role.,user_027,5,course-131,"Jun 02, 2023"
"Fantastic instructor, great pace, and awesome community support.",user_027,5,course-029,"Jun 06, 2023"
Great depth of coverage and excellent reference reading material.,user_027,5,course-147,"Apr 12, 2023"
Great depth of coverage and excellent reference reading material.,user_027,4,course-030,"Jan 26, 2023"
Comprehensive syllabus. Helped me transition into my new role.,user_027,5,course-069,"Jun 01, 2023"
Practical and hands-on. Directly applicable to industry work.,user_027,5,course-199,"Mar 15, 2022"
The assignments and real-world projects were top notch.,user_027,4,course-140,"Mar 15, 2023"
The assignments and real-world projects were top notch.,user_027,4,course-211,"Apr 05, 2023"
Comprehensive syllabus. Helped me transition into my new role.,user_027,3,course-094,"Jun 30, 2022"
Highly recommended for anyone wanting to master this topic!,user_027,4,course-139,"Jun 22, 2021"
Practical and hands-on. Directly applicable to industry work.,user_027,4,course-242,"Oct 27, 2021"
Comprehensive syllabus. Helped me transition into my new role.,user_027,4,course-194,"Sep 03, 2023"
Practical and hands-on. Directly applicable to industry work.,user_027,5,course-011,"Apr 15, 2023"
Great depth of coverage and excellent reference reading material.,user_027,3,course-195,"Mar 16, 2023"
Incredible course! Clear explanation of complex concepts.,user_027,5,course-185,"Oct 11, 2021"
The assignments and real-world projects were top notch.,user_027,5,course-113,"Dec 20, 2022"
The assignments and real-world projects were top notch.,user_027,5,course-243,"May 30, 2021"
Great depth of coverage and excellent reference reading material.,user_027,5,course-056,"Sep 11, 2021"
Practical and hands-on. Directly applicable to industry work.,user_027,5,course-109,"Feb 07, 2022"
Highly recommended for anyone wanting to master this topic!,user_027,5,course-027,"Oct 10, 2022"
"Fantastic instructor, great pace, and awesome community support.",user_027,4,course-189,"Jan 20, 2022"
Practical and hands-on. Directly applicable to industry work.,user_027,5,course-213,"Mar 25, 2023"
Incredible course! Clear explanation of complex concepts.,user_027,5,course-168,"Feb 17, 2022"
Comprehensive syllabus. Helped me transition into my new role.,user_027,5,course-193,"Dec 13, 2022"
"Fantastic instructor, great pace, and awesome community support.",user_028,4,course-117,"Apr 25, 2023"
Comprehensive syllabus. Helped me transition into my new role.,user_028,4,course-244,"Nov 27, 2021"
Comprehensive syllabus. Helped me transition into my new role.,user_028,5,course-125,"Jul 15, 2022"
Highly recommended for anyone wanting to master this topic!,user_028,5,course-084,"May 23, 2023"
Comprehensive syllabus. Helped me transition into my new role.,user_028,5,course-149,"Jul 05, 2023"
Incredible course! Clear explanation of complex concepts.,user_028,5,course-001,"Feb 17, 2021"
Great depth of coverage and excellent reference reading material.,user_028,3,course-223,"May 07, 2023"
Incredible course! Clear explanation of complex concepts.,user_028,5,course-199,"Aug 10, 2023"
"Fantastic instructor, great pace, and awesome community support.",user_028,5,course-217,"Apr 13, 2022"
"Fantastic instructor, great pace, and awesome community support.",user_028,3,course-188,"Jul 27, 2021"
The assignments and real-world projects were top notch.,user_028,5,course-024,"Jun 23, 2023"
The assignments and real-world projects were top notch.,user_028,5,course-249,"Jun 15, 2023"
Comprehensive syllabus. Helped me transition into my new role.,user_028,5,course-118,"Apr 06, 2021"
Comprehensive syllabus. Helped me transition into my new role.,user_028,5,course-163,"Mar 26, 2021"
Practical and hands-on. Directly applicable to industry work.,user_028,4,course-171,"Jun 19, 2021"
Practical and hands-on. Directly applicable to industry work.,user_028,3,course-179,"Nov 09, 2021"
Great depth of coverage and excellent reference reading material.,user_028,5,course-092,"Aug 28, 2021"
Incredible course! Clear explanation of complex concepts.,user_028,5,course-218,"Dec 22, 2022"
The assignments and real-world projects were top notch.,user_028,3,course-017,"May 04, 2022"
Highly recommended for anyone wanting to master this topic!,user_028,3,course-204,"Aug 20, 2021"
"Fantastic instructor, great pace, and awesome community support.",user_028,5,course-137,"Jan 10, 2021"
Incredible course! Clear explanation of complex concepts.,user_029,4,course-179,"Jan 19, 2023"
Incredible course! Clear explanation of complex concepts.,user_029,5,course-088,"Nov 17, 2021"
Comprehensive syllabus. Helped me transition into my new role.,user_029,4,course-210,"May 21, 2021"
Great depth of coverage and excellent reference reading material.,user_029,4,course-031,"Feb 11, 2023"
Practical and hands-on. Directly applicable to industry work.,user_029,5,course-221,"Nov 25, 2022"
Highly recommended for anyone wanting to master this topic!,user_029,4,course-109,"Jul 31, 2022"
Practical and hands-on. Directly applicable to industry work.,user_029,3,course-178,"Jun 18, 2021"
Practical and hands-on. Directly applicable to industry work.,user_029,5,course-034,"Aug 07, 2021"
The assignments and real-world projects were top notch.,user_029,5,course-123,"Jul 31, 2023"
Practical and hands-on. Directly applicable to industry work.,user_029,5,course-019,"Mar 30, 2022"
The assignments and real-world projects were top notch.,user_030,5,course-023,"Jul 21, 2022"
Practical and hands-on. Directly applicable to industry work.,user_030,5,course-230,"Sep 15, 2022"
Practical and hands-on. Directly applicable to industry work.,user_030,4,course-026,"Jan 28, 2021"
Practical and hands-on. Directly applicable to industry work.,user_030,5,course-036,"Jun 16, 2023"
Highly recommended for anyone wanting to master this topic!,user_030,4,course-193,"Sep 14, 2022"
Practical and hands-on. Directly applicable to industry work.,user_030,5,course-032,"Feb 06, 2022"
Incredible course! Clear explanation of complex concepts.,user_030,4,course-151,"Mar 14, 2023"
The assignments and real-world projects were top notch.,user_030,5,course-187,"May 22, 2022"
The assignments and real-world projects were top notch.,user_030,4,course-099,"May 27, 2022"
Incredible course! Clear explanation of complex concepts.,user_030,5,course-090,"Jun 25, 2022"
Incredible course! Clear explanation of complex concepts.,user_030,5,course-247,"Jan 05, 2022"
The assignments and real-world projects were top notch.,user_030,5,course-110,"Feb 01, 2022"
Highly recommended for anyone wanting to master this topic!,user_030,5,course-081,"Mar 07, 2022"
Practical and hands-on. Directly applicable to industry work.,user_030,4,course-203,"Jun 26, 2021"
Great depth of coverage and excellent reference reading material.,user_030,5,course-064,"Mar 16, 2021"
Incredible course! Clear explanation of complex concepts.,user_030,3,course-071,"Jan 15, 2021"
Highly recommended for anyone wanting to master this topic!,user_031,5,course-056,"Sep 23, 2022"
Incredible course! Clear explanation of complex concepts.,user_031,4,course-011,"Nov 14, 2021"
The assignments and real-world projects were top notch.,user_031,3,course-237,"Sep 25, 2023"
Highly recommended for anyone wanting to master this topic!,user_031,5,course-016,"Dec 01, 2021"
Practical and hands-on. Directly applicable to industry work.,user_031,4,course-243,"Feb 21, 2023"
Practical and hands-on. Directly applicable to industry work.,user_031,5,course-203,"Oct 21, 2022"
Practical and hands-on. Directly applicable to industry work.,user_031,3,course-102,"Mar 24, 2022"
Great depth of coverage and excellent reference reading material.,user_031,5,course-130,"Sep 02, 2021"
Incredible course! Clear explanation of complex concepts.,user_031,3,course-074,"Aug 05, 2023"
"Fantastic instructor, great pace, and awesome community support.",user_031,5,course-161,"Sep 19, 2022"
Comprehensive syllabus. Helped me transition into my new role.,user_031,5,course-183,"Nov 14, 2022"
Practical and hands-on. Directly applicable to industry work.,user_031,5,course-129,"Jun 29, 2021"
Practical and hands-on. Directly applicable to industry work.,user_031,4,course-197,"May 21, 2021"
The assignments and real-world projects were top notch.,user_031,5,course-107,"May 24, 2022"
Highly recommended for anyone wanting to master this topic!,user_031,5,course-109,"Jun 14, 2022"
Practical and hands-on. Directly applicable to industry work.,user_031,5,course-180,"Sep 23, 2021"
The assignments and real-world projects were top notch.,user_031,4,course-103,"Feb 07, 2023"
Comprehensive syllabus. Helped me transition into my new role.,user_031,5,course-022,"Jan 21, 2023"
"Fantastic instructor, great pace, and awesome community support.",user_032,5,course-198,"Apr 12, 2022"
Incredible course! Clear explanation of complex concepts.,user_032,5,course-231,"May 27, 2022"
The assignments and real-world projects were top notch.,user_032,5,course-008,"Jan 12, 2022"
Great depth of coverage and excellent reference reading material.,user_032,4,course-086,"Apr 16, 2021"
Practical and hands-on. Directly applicable to industry work.,user_032,5,course-207,"Jan 11, 2023"
Practical and hands-on. Directly applicable to industry work.,user_032,4,course-110,"Jun 06, 2022"
Great depth of coverage and excellent reference reading material.,user_032,3,course-070,"Jun 03, 2023"
Incredible course! Clear explanation of complex concepts.,user_032,3,course-135,"Apr 29, 2022"
The assignments and real-world projects were top notch.,user_032,4,course-017,"Jul 03, 2021"
Great depth of coverage and excellent reference reading material.,user_032,5,course-068,"Feb 06, 2021"
Practical and hands-on. Directly applicable to industry work.,user_032,5,course-183,"Jan 29, 2023"
The assignments and real-world projects were top notch.,user_032,5,course-250,"Nov 26, 2021"
Practical and hands-on. Directly applicable to industry work.,user_032,4,course-148,"Nov 24, 2021"
Comprehensive syllabus. Helped me transition into my new role.,user_033,5,course-212,"Mar 04, 2023"
Comprehensive syllabus. Helped me transition into my new role.,user_033,5,course-020,"Mar 30, 2021"
Incredible course! Clear explanation of complex concepts.,user_033,5,course-147,"Jan 13, 2022"
Highly recommended for anyone wanting to master this topic!,user_033,4,course-096,"Mar 15, 2023"
Highly recommended for anyone wanting to master this topic!,user_033,4,course-031,"Sep 06, 2021"
Highly recommended for anyone wanting to master this topic!,user_033,5,course-129,"Sep 23, 2023"
Great depth of coverage and excellent reference reading material.,user_033,5,course-173,"Mar 06, 2023"
Highly recommended for anyone wanting to master this topic!,user_033,4,course-231,"Feb 18, 2023"
The assignments and real-world projects were top notch.,user_033,5,course-014,"Jan 07, 2021"
Incredible course! Clear explanation of complex concepts.,user_033,5,course-046,"Aug 27, 2021"
Practical and hands-on. Directly applicable to industry work.,user_033,5,course-058,"May 10, 2023"
Incredible course! Clear explanation of complex concepts.,user_033,5,course-206,"Sep 01, 2023"
Great depth of coverage and excellent reference reading material.,user_033,4,course-133,"Nov 05, 2022"
Practical and hands-on. Directly applicable to industry work.,user_033,4,course-012,"Jan 15, 2023"
The assignments and real-world projects were top notch.,user_033,4,course-245,"Jun 27, 2022"
"Fantastic instructor, great pace, and awesome community support.",user_033,5,course-103,"May 19, 2022"
The assignments and real-world projects were top notch.,user_033,5,course-018,"Dec 30, 2022"
Incredible course! Clear explanation of complex concepts.,user_033,4,course-225,"Aug 02, 2023"
Highly recommended for anyone wanting to master this topic!,user_034,3,course-230,"Mar 05, 2021"
The assignments and real-world projects were top notch.,user_034,5,course-217,"Aug 31, 2021"
Great depth of coverage and excellent reference reading material.,user_034,4,course-134,"Nov 19, 2021"
"Fantastic instructor, great pace, and awesome community support.",user_034,5,course-106,"Dec 19, 2022"
Comprehensive syllabus. Helped me transition into my new role.,user_034,5,course-180,"Nov 22, 2021"
The assignments and real-world projects were top notch.,user_034,5,course-096,"Mar 18, 2021"
The assignments and real-world projects were top notch.,user_034,5,course-118,"Mar 10, 2023"
Incredible course! Clear explanation of complex concepts.,user_034,5,course-250,"Jun 09, 2021"
"Fantastic instructor, great pace, and awesome community support.",user_034,4,course-192,"Apr 23, 2022"
Incredible course! Clear explanation of complex concepts.,user_034,4,course-022,"Jul 03, 2022"
Great depth of coverage and excellent reference reading material.,user_034,4,course-149,"Aug 01, 2021"
"Fantastic instructor, great pace, and awesome community support.",user_034,5,course-025,"Sep 29, 2021"
Incredible course! Clear explanation of complex concepts.,user_034,5,course-130,"Jun 11, 2021"
Comprehensive syllabus. Helped me transition into my new role.,user_034,5,course-035,"Apr 27, 2023"
Highly recommended for anyone wanting to master this topic!,user_034,5,course-164,"Feb 11, 2021"
Great depth of coverage and excellent reference reading material.,user_034,4,course-210,"Dec 02, 2021"
Practical and hands-on. Directly applicable to industry work.,user_034,4,course-101,"Sep 12, 2021"
Incredible course! Clear explanation of complex concepts.,user_035,5,course-102,"Jan 13, 2021"
Great depth of coverage and excellent reference reading material.,user_035,3,course-132,"Aug 16, 2021"
Great depth of coverage and excellent reference reading material.,user_035,4,course-013,"Feb 15, 2022"
Practical and hands-on. Directly applicable to industry work.,user_035,4,course-174,"Aug 19, 2023"
Highly recommended for anyone wanting to master this topic!,user_035,5,course-077,"Aug 24, 2022"
Great depth of coverage and excellent reference reading material.,user_035,4,course-067,"Mar 18, 2021"
Incredible course! Clear explanation of complex concepts.,user_035,3,course-210,"Jul 22, 2021"
"Fantastic instructor, great pace, and awesome community support.",user_035,5,course-045,"Apr 09, 2023"
Great depth of coverage and excellent reference reading material.,user_035,4,course-008,"Apr 30, 2023"
Incredible course! Clear explanation of complex concepts.,user_035,5,course-244,"Feb 13, 2021"
Incredible course! Clear explanation of complex concepts.,user_035,5,course-104,"Jun 22, 2021"
"Fantastic instructor, great pace, and awesome community support.",user_035,5,course-219,"Apr 22, 2023"
"Fantastic instructor, great pace, and awesome community support.",user_035,5,course-116,"Jan 31, 2021"
"Fantastic instructor, great pace, and awesome community support.",user_035,4,course-143,"Jun 26, 2021"
The assignments and real-world projects were top notch.,user_035,4,course-192,"Oct 09, 2021"
The assignments and real-world projects were top notch.,user_035,4,course-141,"Feb 05, 2021"
Highly recommended for anyone wanting to master this topic!,user_035,5,course-064,"Sep 09, 2021"
"Fantastic instructor, great pace, and awesome community support.",user_035,5,course-025,"Feb 26, 2022"
"Fantastic instructor, great pace, and awesome community support.",user_035,5,course-119,"Mar 04, 2021"
"Fantastic instructor, great pace, and awesome community support.",user_035,3,course-027,"May 21, 2021"
Practical and hands-on. Directly applicable to industry work.,user_035,5,course-206,"Jun 25, 2023"
Incredible course! Clear explanation of complex concepts.,user_036,4,course-162,"Nov 23, 2021"
Incredible course! Clear explanation of complex concepts.,user_036,5,course-206,"Jul 07, 2023"
Comprehensive syllabus. Helped me transition into my new role.,user_036,5,course-140,"Mar 01, 2021"
"Fantastic instructor, great pace, and awesome community support.",user_036,5,course-204,"Jun 27, 2022"
Highly recommended for anyone wanting to master this topic!,user_036,4,course-005,"Aug 27, 2021"
Incredible course! Clear explanation of complex concepts.,user_036,5,course-098,"Sep 11, 2021"
Comprehensive syllabus. Helped me transition into my new role.,user_036,5,course-201,"Jul 01, 2022"
Practical and hands-on. Directly applicable to industry work.,user_036,5,course-183,"Feb 27, 2021"
The assignments and real-world projects were top notch.,user_036,5,course-092,"Aug 13, 2022"
Great depth of coverage and excellent reference reading material.,user_036,5,course-123,"Feb 02, 2022"
Great depth of coverage and excellent reference reading material.,user_036,4,course-125,"May 16, 2023"
The assignments and real-world projects were top notch.,user_036,4,course-089,"Aug 30, 2022"
Practical and hands-on. Directly applicable to industry work.,user_036,4,course-234,"Dec 16, 2022"
Highly recommended for anyone wanting to master this topic!,user_036,4,course-145,"Jan 29, 2021"
Comprehensive syllabus. Helped me transition into my new role.,user_036,5,course-129,"Aug 29, 2023"
The assignments and real-world projects were top notch.,user_036,5,course-083,"Jul 31, 2022"
Great depth of coverage and excellent reference reading material.,user_036,5,course-100,"Apr 10, 2023"
Incredible course! Clear explanation of complex concepts.,user_037,5,course-139,"Jan 23, 2021"
Practical and hands-on. Directly applicable to industry work.,user_037,4,course-080,"Jul 29, 2023"
Incredible course! Clear explanation of complex concepts.,user_037,4,course-045,"May 17, 2023"
Comprehensive syllabus. Helped me transition into my new role.,user_037,5,course-126,"Sep 11, 2023"
Practical and hands-on. Directly applicable to industry work.,user_037,3,course-010,"Aug 23, 2023"
Highly recommended for anyone wanting to master this topic!,user_037,5,course-024,"Apr 14, 2021"
Comprehensive syllabus. Helped me transition into my new role.,user_037,4,course-015,"May 20, 2021"
Practical and hands-on. Directly applicable to industry work.,user_037,5,course-060,"Aug 30, 2023"
Practical and hands-on. Directly applicable to industry work.,user_037,5,course-155,"Sep 11, 2023"
Comprehensive syllabus. Helped me transition into my new role.,user_037,5,course-057,"Jun 28, 2021"
Highly recommended for anyone wanting to master this topic!,user_037,5,course-006,"Dec 12, 2022"
Highly recommended for anyone wanting to master this topic!,user_037,5,course-135,"Mar 17, 2023"
Practical and hands-on. Directly applicable to industry work.,user_037,4,course-123,"Aug 27, 2022"
"Fantastic instructor, great pace, and awesome community support.",user_037,5,course-001,"Nov 11, 2021"
Comprehensive syllabus. Helped me transition into my new role.,user_037,5,course-085,"May 11, 2021"
Incredible course! Clear explanation of complex concepts.,user_037,4,course-235,"Aug 30, 2023"
Highly recommended for anyone wanting to master this topic!,user_037,5,course-158,"Feb 05, 2022"
Great depth of coverage and excellent reference reading material.,user_037,5,course-052,"Sep 16, 2023"
The assignments and real-world projects were top notch.,user_037,5,course-207,"Sep 09, 2022"
Great depth of coverage and excellent reference reading material.,user_037,4,course-034,"Sep 18, 2023"
Practical and hands-on. Directly applicable to industry work.,user_037,5,course-088,"Aug 03, 2022"
"Fantastic instructor, great pace, and awesome community support.",user_037,4,course-184,"May 25, 2021"
Incredible course! Clear explanation of complex concepts.,user_037,4,course-046,"Sep 01, 2021"
Comprehensive syllabus. Helped me transition into my new role.,user_037,4,course-206,"Jun 21, 2021"
Incredible course! Clear explanation of complex concepts.,user_037,5,course-217,"Apr 22, 2023"
"Fantastic instructor, great pace, and awesome community support.",user_038,5,course-115,"Jun 22, 2023"
Highly recommended for anyone wanting to master this topic!,user_038,4,course-003,"Jan 20, 2022"
"Fantastic instructor, great pace, and awesome community support.",user_038,4,course-068,"Mar 19, 2023"
Practical and hands-on. Directly applicable to industry work.,user_038,5,course-054,"Feb 16, 2023"
The assignments and real-world projects were top notch.,user_038,5,course-064,"Apr 08, 2022"
Great depth of coverage and excellent reference reading material.,user_038,3,course-178,"Feb 04, 2021"
Comprehensive syllabus. Helped me transition into my new role.,user_038,4,course-018,"Sep 25, 2021"
Incredible course! Clear explanation of complex concepts.,user_038,5,course-090,"Dec 17, 2021"
"Fantastic instructor, great pace, and awesome community support.",user_038,4,course-066,"Jun 14, 2021"
Highly recommended for anyone wanting to master this topic!,user_038,5,course-202,"Aug 23, 2023"
Incredible course! Clear explanation of complex concepts.,user_038,5,course-028,"Dec 13, 2021"
Highly recommended for anyone wanting to master this topic!,user_038,5,course-185,"Jul 04, 2023"
Incredible course! Clear explanation of complex concepts.,user_038,5,course-001,"Mar 18, 2022"
The assignments and real-world projects were top notch.,user_038,5,course-013,"Sep 14, 2022"
The assignments and real-world projects were top notch.,user_038,5,course-099,"Feb 24, 2021"
The assignments and real-world projects were top notch.,user_038,4,course-113,"Sep 25, 2023"
Practical and hands-on. Directly applicable to industry work.,user_038,4,course-188,"Jul 22, 2022"
Practical and hands-on. Directly applicable to industry work.,user_038,5,course-108,"Jul 08, 2022"
Comprehensive syllabus. Helped me transition into my new role.,user_038,4,course-249,"Nov 01, 2021"
Incredible course! Clear explanation of complex concepts.,user_038,4,course-043,"Feb 07, 2022"
"Fantastic instructor, great pace, and awesome community support.",user_039,4,course-040,"Jul 06, 2023"
Incredible course! Clear explanation of complex concepts.,user_039,5,course-014,"Oct 20, 2022"
The assignments and real-world projects were top notch.,user_039,5,course-093,"Jan 15, 2022"
Comprehensive syllabus. Helped me transition into my new role.,user_039,5,course-001,"Jul 11, 2021"
Comprehensive syllabus. Helped me transition into my new role.,user_039,5,course-110,"Mar 27, 2022"
The assignments and real-world projects were top notch.,user_039,5,course-023,"May 08, 2023"
Incredible course! Clear explanation of complex concepts.,user_039,4,course-076,"Jun 04, 2021"
Practical and hands-on. Directly applicable to industry work.,user_039,5,course-211,"Apr 10, 2021"
Comprehensive syllabus. Helped me transition into my new role.,user_039,3,course-170,"Apr 08, 2023"
Great depth of coverage and excellent reference reading material.,user_039,5,course-161,"Aug 27, 2022"
Incredible course! Clear explanation of complex concepts.,user_039,4,course-154,"May 11, 2023"
Highly recommended for anyone wanting to master this topic!,user_039,4,course-123,"Mar 05, 2022"
Practical and hands-on. Directly applicable to industry work.,user_039,5,course-052,"Jun 07, 2023"
Highly recommended for anyone wanting to master this topic!,user_039,5,course-025,"Jun 22, 2023"
Comprehensive syllabus. Helped me transition into my new role.,user_039,4,course-007,"Mar 22, 2021"
Great depth of coverage and excellent reference reading material.,user_039,4,course-053,"Jan 02, 2023"
Highly recommended for anyone wanting to master this topic!,user_039,3,course-044,"Jul 12, 2023"
Highly recommended for anyone wanting to master this topic!,user_039,5,course-164,"Nov 25, 2022"
The assignments and real-world projects were top notch.,user_039,5,course-075,"May 04, 2021"
"Fantastic instructor, great pace, and awesome community support.",user_039,5,course-021,"Jun 27, 2021"
The assignments and real-world projects were top notch.,user_039,5,course-122,"Sep 23, 2023"
The assignments and real-world projects were top notch.,user_039,4,course-217,"May 10, 2021"
Incredible course! Clear explanation of complex concepts.,user_039,3,course-030,"Dec 01, 2022"
Great depth of coverage and excellent reference reading material.,user_039,5,course-079,"Oct 05, 2022"
Highly recommended for anyone wanting to master this topic!,user_039,4,course-201,"Sep 22, 2021"
Great depth of coverage and excellent reference reading material.,user_040,5,course-234,"Mar 06, 2022"
The assignments and real-world projects were top notch.,user_040,4,course-187,"Jun 01, 2021"
Highly recommended for anyone wanting to master this topic!,user_040,5,course-235,"Feb 16, 2023"
Incredible course! Clear explanation of complex concepts.,user_040,5,course-207,"Aug 06, 2023"
Great depth of coverage and excellent reference reading material.,user_040,4,course-018,"Apr 14, 2021"
Great depth of coverage and excellent reference reading material.,user_040,5,course-023,"Jul 03, 2022"
"Fantastic instructor, great pace, and awesome community support.",user_040,5,course-100,"Sep 28, 2021"
"Fantastic instructor, great pace, and awesome community support.",user_040,4,course-143,"Aug 09, 2022"
Incredible course! Clear explanation of complex concepts.,user_040,5,course-102,"Jun 26, 2021"
The assignments and real-world projects were top notch.,user_040,4,course-142,"Sep 26, 2022"
Practical and hands-on. Directly applicable to industry work.,user_040,5,course-084,"Feb 16, 2022"
Comprehensive syllabus. Helped me transition into my new role.,user_040,3,course-220,"Dec 09, 2022"
Practical and hands-on. Directly applicable to industry work.,user_040,4,course-071,"May 02, 2022"
Comprehensive syllabus. Helped me transition into my new role.,user_040,5,course-134,"Jan 21, 2021"
Great depth of coverage and excellent reference reading material.,user_040,4,course-118,"Nov 07, 2021"
Great depth of coverage and excellent reference reading material.,user_040,4,course-224,"May 19, 2022"
Practical and hands-on. Directly applicable to industry work.,user_040,5,course-004,"Apr 11, 2021"
The assignments and real-world projects were top notch.,user_040,5,course-202,"May 18, 2021"
Practical and hands-on. Directly applicable to industry work.,user_040,4,course-180,"Mar 30, 2022"
Comprehensive syllabus. Helped me transition into my new role.,user_040,5,course-160,"Oct 03, 2021"
The assignments and real-world projects were top notch.,user_041,5,course-155,"Mar 11, 2023"
Highly recommended for anyone wanting to master this topic!,user_041,5,course-166,"Jan 30, 2021"
Great depth of coverage and excellent reference reading material.,user_041,4,course-023,"Jul 25, 2021"
The assignments and real-world projects were top notch.,user_041,5,course-049,"Feb 03, 2021"
Comprehensive syllabus. Helped me transition into my new role.,user_041,5,course-114,"Dec 23, 2022"
Comprehensive syllabus. Helped me transition into my new role.,user_041,4,course-055,"Apr 24, 2023"
"Fantastic instructor, great pace, and awesome community support.",user_041,5,course-234,"Oct 13, 2022"
Practical and hands-on. Directly applicable to industry work.,user_041,5,course-211,"Feb 01, 2021"
"Fantastic instructor, great pace, and awesome community support.",user_041,4,course-105,"Sep 01, 2022"
Great depth of coverage and excellent reference reading material.,user_041,5,course-190,"May 01, 2022"
Comprehensive syllabus. Helped me transition into my new role.,user_041,5,course-125,"Dec 19, 2021"
Comprehensive syllabus. Helped me transition into my new role.,user_041,4,course-195,"Feb 06, 2023"
Incredible course! Clear explanation of complex concepts.,user_041,5,course-133,"Oct 19, 2021"
Incredible course! Clear explanation of complex concepts.,user_041,3,course-223,"Jun 16, 2021"
Great depth of coverage and excellent reference reading material.,user_041,5,course-096,"Sep 16, 2023"
The assignments and real-world projects were top notch.,user_041,4,course-243,"Oct 25, 2022"
The assignments and real-world projects were top notch.,user_041,4,course-015,"Oct 03, 2021"
Highly recommended for anyone wanting to master this topic!,user_041,5,course-132,"Jan 21, 2021"
Great depth of coverage and excellent reference reading material.,user_041,5,course-203,"Nov 30, 2022"
The assignments and real-world projects were top notch.,user_041,3,course-041,"Oct 25, 2022"
Great depth of coverage and excellent reference reading material.,user_041,4,course-017,"Jan 09, 2021"
Highly recommended for anyone wanting to master this topic!,user_041,4,course-080,"Apr 05, 2023"
Practical and hands-on. Directly applicable to industry work.,user_041,5,course-182,"Sep 18, 2023"
Practical and hands-on. Directly applicable to industry work.,user_042,5,course-109,"Sep 17, 2023"
Comprehensive syllabus. Helped me transition into my new role.,user_042,5,course-230,"Jul 29, 2022"
Highly recommended for anyone wanting to master this topic!,user_042,5,course-097,"Oct 17, 2021"
Incredible course! Clear explanation of complex concepts.,user_042,4,course-219,"May 09, 2022"
Comprehensive syllabus. Helped me transition into my new role.,user_042,3,course-090,"Oct 18, 2022"
Comprehensive syllabus. Helped me transition into my new role.,user_042,4,course-118,"Sep 25, 2021"
Practical and hands-on. Directly applicable to industry work.,user_042,5,course-065,"Nov 02, 2021"
Highly recommended for anyone wanting to master this topic!,user_042,4,course-056,"Feb 23, 2023"
Incredible course! Clear explanation of complex concepts.,user_042,4,course-120,"Apr 05, 2023"
Great depth of coverage and excellent reference reading material.,user_042,5,course-078,"Sep 07, 2022"
Comprehensive syllabus. Helped me transition into my new role.,user_042,5,course-174,"Nov 29, 2022"
Incredible course! Clear explanation of complex concepts.,user_042,4,course-134,"Nov 03, 2022"
Comprehensive syllabus. Helped me transition into my new role.,user_042,5,course-212,"Sep 23, 2021"
"Fantastic instructor, great pace, and awesome community support.",user_042,5,course-160,"Feb 02, 2022"
Highly recommended for anyone wanting to master this topic!,user_042,5,course-102,"Dec 27, 2022"
Great depth of coverage and excellent reference reading material.,user_042,5,course-150,"Jul 14, 2021"
Practical and hands-on. Directly applicable to industry work.,user_042,4,course-027,"Aug 16, 2021"
Practical and hands-on. Directly applicable to industry work.,user_042,5,course-002,"Mar 15, 2023"
Practical and hands-on. Directly applicable to industry work.,user_043,5,course-233,"Apr 02, 2021"
The assignments and real-world projects were top notch.,user_043,4,course-241,"Feb 02, 2023"
"Fantastic instructor, great pace, and awesome community support.",user_043,5,course-172,"Mar 19, 2023"
Comprehensive syllabus. Helped me transition into my new role.,user_043,5,course-092,"Sep 24, 2021"
"Fantastic instructor, great pace, and awesome community support.",user_043,5,course-130,"May 22, 2023"
Incredible course! Clear explanation of complex concepts.,user_043,4,course-077,"Jun 07, 2023"
Highly recommended for anyone wanting to master this topic!,user_043,5,course-217,"Aug 25, 2023"
"Fantastic instructor, great pace, and awesome community support.",user_043,5,course-044,"Jun 30, 2023"
Incredible course! Clear explanation of complex concepts.,user_043,4,course-216,"Jun 08, 2023"
Highly recommended for anyone wanting to master this topic!,user_043,5,course-169,"Nov 02, 2021"
Great depth of coverage and excellent reference reading material.,user_043,5,course-225,"May 25, 2023"
The assignments and real-world projects were top notch.,user_043,4,course-143,"Dec 17, 2021"
Highly recommended for anyone wanting to master this topic!,user_043,5,course-047,"Jul 04, 2023"
"Fantastic instructor, great pace, and awesome community support.",user_043,5,course-076,"May 27, 2021"
Practical and hands-on. Directly applicable to industry work.,user_043,4,course-025,"Jul 04, 2021"
"Fantastic instructor, great pace, and awesome community support.",user_043,5,course-121,"Dec 07, 2021"
The assignments and real-world projects were top notch.,user_043,5,course-033,"Nov 17, 2021"
Incredible course! Clear explanation of complex concepts.,user_043,5,course-190,"Apr 08, 2022"
Great depth of coverage and excellent reference reading material.,user_043,4,course-067,"Mar 04, 2023"
Great depth of coverage and excellent reference reading material.,user_043,4,course-186,"Jun 12, 2021"
Great depth of coverage and excellent reference reading material.,user_043,5,course-207,"Mar 10, 2023"
Highly recommended for anyone wanting to master this topic!,user_043,3,course-144,"Mar 21, 2022"
"Fantastic instructor, great pace, and awesome community support.",user_043,5,course-196,"Mar 16, 2022"
"Fantastic instructor, great pace, and awesome community support.",user_043,5,course-238,"Jan 05, 2021"
The assignments and real-world projects were top notch.,user_043,3,course-175,"Jan 19, 2023"
Highly recommended for anyone wanting to master this topic!,user_044,4,course-244,"Nov 10, 2021"
Great depth of coverage and excellent reference reading material.,user_044,4,course-004,"Feb 16, 2021"
Comprehensive syllabus. Helped me transition into my new role.,user_044,4,course-229,"Apr 12, 2022"
Highly recommended for anyone wanting to master this topic!,user_044,5,course-083,"Jun 21, 2022"
Practical and hands-on. Directly applicable to industry work.,user_044,4,course-194,"May 18, 2021"
"Fantastic instructor, great pace, and awesome community support.",user_044,4,course-214,"Jan 03, 2022"
The assignments and real-world projects were top notch.,user_044,5,course-136,"Aug 29, 2023"
Great depth of coverage and excellent reference reading material.,user_044,5,course-049,"Feb 18, 2022"
The assignments and real-world projects were top notch.,user_044,3,course-005,"Jan 15, 2023"
The assignments and real-world projects were top notch.,user_044,5,course-174,"Jan 22, 2023"
Highly recommended for anyone wanting to master this topic!,user_044,3,course-002,"Jun 23, 2021"
Practical and hands-on. Directly applicable to industry work.,user_044,4,course-161,"Oct 29, 2022"
"Fantastic instructor, great pace, and awesome community support.",user_044,5,course-188,"Jun 17, 2023"
Great depth of coverage and excellent reference reading material.,user_044,5,course-064,"Jul 02, 2022"
Highly recommended for anyone wanting to master this topic!,user_044,5,course-058,"Feb 19, 2021"
Practical and hands-on. Directly applicable to industry work.,user_044,5,course-178,"May 07, 2023"
Practical and hands-on. Directly applicable to industry work.,user_044,3,course-225,"Apr 29, 2021"
"Fantastic instructor, great pace, and awesome community support.",user_044,5,course-089,"May 07, 2021"
"Fantastic instructor, great pace, and awesome community support.",user_044,5,course-080,"Dec 20, 2022"
Practical and hands-on. Directly applicable to industry work.,user_044,4,course-034,"Dec 04, 2022"
Comprehensive syllabus. Helped me transition into my new role.,user_044,5,course-027,"Mar 07, 2022"
Comprehensive syllabus. Helped me transition into my new role.,user_045,5,course-170,"Apr 27, 2021"
"Fantastic instructor, great pace, and awesome community support.",user_045,5,course-134,"Jul 23, 2021"
Great depth of coverage and excellent reference reading material.,user_045,5,course-070,"Sep 27, 2021"
The assignments and real-world projects were top notch.,user_045,5,course-160,"Jan 02, 2022"
Comprehensive syllabus. Helped me transition into my new role.,user_045,5,course-156,"Jun 14, 2021"
"Fantastic instructor, great pace, and awesome community support.",user_045,3,course-180,"Jul 22, 2023"
"Fantastic instructor, great pace, and awesome community support.",user_045,4,course-036,"Dec 05, 2021"
Incredible course! Clear explanation of complex concepts.,user_045,4,course-108,"Nov 19, 2022"
Incredible course! Clear explanation of complex concepts.,user_045,3,course-213,"May 06, 2023"
"Fantastic instructor, great pace, and awesome community support.",user_045,5,course-231,"Jun 02, 2021"
Great depth of coverage and excellent reference reading material.,user_045,5,course-027,"Jun 08, 2022"
Practical and hands-on. Directly applicable to industry work.,user_045,3,course-131,"Apr 14, 2021"
Practical and hands-on. Directly applicable to industry work.,user_045,5,course-185,"Aug 25, 2021"
Practical and hands-on. Directly applicable to industry work.,user_046,5,course-076,"Oct 25, 2022"
Comprehensive syllabus. Helped me transition into my new role.,user_046,4,course-068,"Jul 05, 2023"
Highly recommended for anyone wanting to master this topic!,user_046,5,course-119,"Oct 02, 2021"
Incredible course! Clear explanation of complex concepts.,user_046,5,course-013,"Jan 17, 2022"
The assignments and real-world projects were top notch.,user_046,5,course-026,"Apr 27, 2021"
"Fantastic instructor, great pace, and awesome community support.",user_046,5,course-209,"Oct 06, 2021"
Practical and hands-on. Directly applicable to industry work.,user_046,5,course-045,"May 22, 2023"
"Fantastic instructor, great pace, and awesome community support.",user_046,5,course-224,"Oct 27, 2022"
The assignments and real-world projects were top notch.,user_046,5,course-011,"Apr 26, 2021"
Practical and hands-on. Directly applicable to industry work.,user_046,4,course-219,"Mar 02, 2021"
Great depth of coverage and excellent reference reading material.,user_046,5,course-075,"Jun 13, 2021"
Highly recommended for anyone wanting to master this topic!,user_046,4,course-093,"May 10, 2022"
Practical and hands-on. Directly applicable to industry work.,user_046,5,course-206,"Mar 25, 2022"
"Fantastic instructor, great pace, and awesome community support.",user_046,4,course-174,"Mar 09, 2023"
Incredible course! Clear explanation of complex concepts.,user_046,4,course-081,"Jun 03, 2023"
Great depth of coverage and excellent reference reading material.,user_046,5,course-110,"Jan 15, 2023"
The assignments and real-world projects were top notch.,user_046,5,course-190,"May 10, 2022"
Incredible course! Clear explanation of complex concepts.,user_046,5,course-030,"Jun 28, 2023"
Incredible course! Clear explanation of complex concepts.,user_046,5,course-025,"Mar 06, 2021"
Comprehensive syllabus. Helped me transition into my new role.,user_046,4,course-218,"Jan 13, 2021"
Practical and hands-on. Directly applicable to industry work.,user_046,5,course-195,"Jun 22, 2022"
Highly recommended for anyone wanting to master this topic!,user_046,5,course-228,"Jan 12, 2023"
Practical and hands-on. Directly applicable to industry work.,user_046,5,course-012,"Jun 14, 2023"
Highly recommended for anyone wanting to master this topic!,user_046,4,course-003,"Dec 06, 2022"
Highly recommended for anyone wanting to master this topic!,user_047,5,course-111,"Feb 25, 2021"
The assignments and real-world projects were top notch.,user_047,3,course-170,"Jun 02, 2022"
Great depth of coverage and excellent reference reading material.,user_047,5,course-187,"May 23, 2022"
Incredible course! Clear explanation of complex concepts.,user_047,5,course-064,"Feb 09, 2023"
The assignments and real-world projects were top notch.,user_047,5,course-124,"Dec 05, 2021"
Incredible course! Clear explanation of complex concepts.,user_047,5,course-089,"Jun 04, 2022"
Practical and hands-on. Directly applicable to industry work.,user_047,4,course-174,"Jan 23, 2022"
The assignments and real-world projects were top notch.,user_047,5,course-165,"Mar 22, 2021"
Great depth of coverage and excellent reference reading material.,user_047,5,course-099,"Aug 10, 2022"
Great depth of coverage and excellent reference reading material.,user_047,5,course-039,"May 26, 2022"
Incredible course! Clear explanation of complex concepts.,user_047,5,course-215,"May 25, 2022"
Incredible course! Clear explanation of complex concepts.,user_047,5,course-212,"Apr 16, 2021"
Incredible course! Clear explanation of complex concepts.,user_047,5,course-143,"Jul 25, 2022"
Practical and hands-on. Directly applicable to industry work.,user_048,5,course-212,"Nov 19, 2022"
Comprehensive syllabus. Helped me transition into my new role.,user_048,5,course-024,"Jan 08, 2022"
Great depth of coverage and excellent reference reading material.,user_048,5,course-203,"Aug 17, 2021"
Comprehensive syllabus. Helped me transition into my new role.,user_048,5,course-155,"Jul 28, 2022"
Highly recommended for anyone wanting to master this topic!,user_048,5,course-247,"Apr 30, 2022"
Comprehensive syllabus. Helped me transition into my new role.,user_048,5,course-159,"Jan 04, 2023"
Incredible course! Clear explanation of complex concepts.,user_048,5,course-164,"Feb 17, 2023"
Incredible course! Clear explanation of complex concepts.,user_048,5,course-078,"Dec 16, 2021"
Practical and hands-on. Directly applicable to industry work.,user_048,4,course-228,"Sep 15, 2023"
Highly recommended for anyone wanting to master this topic!,user_048,5,course-131,"Jun 19, 2022"
Great depth of coverage and excellent reference reading material.,user_049,5,course-180,"Jul 15, 2021"
Incredible course! Clear explanation of complex concepts.,user_049,5,course-028,"Feb 15, 2023"
Practical and hands-on. Directly applicable to industry work.,user_049,5,course-012,"May 08, 2023"
Incredible course! Clear explanation of complex concepts.,user_049,5,course-230,"Mar 02, 2023"
"Fantastic instructor, great pace, and awesome community support.",user_049,5,course-043,"Nov 06, 2022"
Highly recommended for anyone wanting to master this topic!,user_049,5,course-127,"May 18, 2021"
Incredible course! Clear explanation of complex concepts.,user_049,5,course-036,"Jun 28, 2022"
Highly recommended for anyone wanting to master this topic!,user_049,5,course-211,"Aug 16, 2023"
Highly recommended for anyone wanting to master this topic!,user_049,5,course-184,"May 10, 2022"
Great depth of coverage and excellent reference reading material.,user_049,5,course-191,"Aug 02, 2023"
Practical and hands-on. Directly applicable to industry work.,user_049,5,course-185,"Aug 16, 2022"
Great depth of coverage and excellent reference reading material.,user_049,4,course-105,"May 12, 2021"
Practical and hands-on. Directly applicable to industry work.,user_049,4,course-066,"Sep 07, 2022"
Comprehensive syllabus. Helped me transition into my new role.,user_049,5,course-157,"Jun 01, 2022"
"Fantastic instructor, great pace, and awesome community support.",user_049,5,course-051,"Sep 16, 2022"
Great depth of coverage and excellent reference reading material.,user_049,5,course-049,"Sep 12, 2021"
Comprehensive syllabus. Helped me transition into my new role.,user_049,4,course-031,"Sep 21, 2023"
Great depth of coverage and excellent reference reading material.,user_049,4,course-239,"May 17, 2021"
Highly recommended for anyone wanting to master this topic!,user_049,4,course-219,"Dec 18, 2022"
Highly recommended for anyone wanting to master this topic!,user_049,5,course-101,"Nov 03, 2021"
Highly recommended for anyone wanting to master this topic!,user_049,5,course-056,"Jun 01, 2023"
Practical and hands-on. Directly applicable to industry work.,user_050,5,course-183,"Oct 15, 2022"
Incredible course! Clear explanation of complex concepts.,user_050,4,course-189,"Feb 19, 2023"
"Fantastic instructor, great pace, and awesome community support.",user_050,4,course-240,"Aug 20, 2022"
Practical and hands-on. Directly applicable to industry work.,user_050,5,course-142,"Dec 29, 2022"
Practical and hands-on. Directly applicable to industry work.,user_050,5,course-162,"Jul 05, 2023"
Comprehensive syllabus. Helped me transition into my new role.,user_050,5,course-056,"Jun 18, 2023"
Great depth of coverage and excellent reference reading material.,user_050,5,course-052,"Jan 14, 2021"
Incredible course! Clear explanation of complex concepts.,user_050,5,course-054,"Jan 26, 2022"
Practical and hands-on. Directly applicable to industry work.,user_050,4,course-160,"Feb 27, 2021"
Great depth of coverage and excellent reference reading material.,user_050,4,course-075,"Mar 16, 2023"
Comprehensive syllabus. Helped me transition into my new role.,user_050,4,course-176,"Dec 01, 2022"
Great depth of coverage and excellent reference reading material.,user_050,4,course-089,"Mar 05, 2021"
Comprehensive syllabus. Helped me transition into my new role.,user_050,5,course-236,"Jul 28, 2021"
Incredible course! Clear explanation of complex concepts.,user_050,5,course-173,"Jan 03, 2022"
Incredible course! Clear explanation of complex concepts.,user_050,5,course-034,"Sep 23, 2022"
Practical and hands-on. Directly applicable to industry work.,user_050,5,course-182,"Jul 30, 2022"
Practical and hands-on. Directly applicable to industry work.,user_050,5,course-167,"Oct 25, 2022"
The assignments and real-world projects were top notch.,user_050,5,course-250,"Jun 08, 2022"
Great depth of coverage and excellent reference reading material.,user_050,5,course-246,"Dec 14, 2022"
Practical and hands-on. Directly applicable to industry work.,user_050,4,course-046,"Feb 18, 2021"
Comprehensive syllabus. Helped me transition into my new role.,user_051,5,course-100,"Feb 13, 2023"
Practical and hands-on. Directly applicable to industry work.,user_051,5,course-107,"Sep 10, 2022"
Practical and hands-on. Directly applicable to industry work.,user_051,4,course-245,"Sep 15, 2023"
"Fantastic instructor, great pace, and awesome community support.",user_051,4,course-202,"Jul 01, 2021"
Incredible course! Clear explanation of complex concepts.,user_051,5,course-176,"Jul 11, 2021"
Practical and hands-on. Directly applicable to industry work.,user_051,5,course-081,"Jun 11, 2022"
Incredible course! Clear explanation of complex concepts.,user_051,4,course-142,"Mar 15, 2022"
Comprehensive syllabus. Helped me transition into my new role.,user_051,4,course-014,"May 14, 2021"
Great depth of coverage and excellent reference reading material.,user_051,4,course-004,"Sep 19, 2021"
"Fantastic instructor, great pace, and awesome community support.",user_051,3,course-191,"Dec 28, 2022"
Incredible course! Clear explanation of complex concepts.,user_051,5,course-065,"Jun 07, 2021"
Highly recommended for anyone wanting to master this topic!,user_051,5,course-052,"Feb 22, 2021"
Practical and hands-on. Directly applicable to industry work.,user_051,5,course-159,"Sep 23, 2022"
Comprehensive syllabus. Helped me transition into my new role.,user_051,5,course-223,"May 18, 2022"
Highly recommended for anyone wanting to master this topic!,user_051,5,course-200,"Jan 02, 2022"
Practical and hands-on. Directly applicable to industry work.,user_051,3,course-221,"Nov 22, 2021"
The assignments and real-world projects were top notch.,user_051,5,course-237,"Jun 18, 2022"
Highly recommended for anyone wanting to master this topic!,user_051,3,course-114,"Jun 13, 2021"
Highly recommended for anyone wanting to master this topic!,user_051,5,course-213,"Feb 18, 2022"
The assignments and real-world projects were top notch.,user_051,3,course-058,"Jun 24, 2023"
Comprehensive syllabus. Helped me transition into my new role.,user_051,4,course-163,"Dec 06, 2021"
The assignments and real-world projects were top notch.,user_051,4,course-181,"Sep 01, 2023"
Comprehensive syllabus. Helped me transition into my new role.,user_052,5,course-144,"Jan 26, 2021"
Great depth of coverage and excellent reference reading material.,user_052,5,course-211,"Feb 28, 2023"
Great depth of coverage and excellent reference reading material.,user_052,4,course-193,"Jun 05, 2022"
Incredible course! Clear explanation of complex concepts.,user_052,5,course-167,"Oct 31, 2021"
The assignments and real-world projects were top notch.,user_052,5,course-003,"Nov 25, 2021"
Incredible course! Clear explanation of complex concepts.,user_052,5,course-030,"Jun 21, 2021"
Great depth of coverage and excellent reference reading material.,user_052,5,course-172,"Jul 05, 2022"
Practical and hands-on. Directly applicable to industry work.,user_052,5,course-089,"Mar 09, 2021"
Practical and hands-on. Directly applicable to industry work.,user_052,4,course-115,"Mar 04, 2023"
Practical and hands-on. Directly applicable to industry work.,user_052,4,course-062,"Mar 11, 2022"
The assignments and real-world projects were top notch.,user_052,5,course-232,"Jul 05, 2022"
Practical and hands-on. Directly applicable to industry work.,user_052,5,course-165,"Mar 05, 2023"
Great depth of coverage and excellent reference reading material.,user_052,5,course-158,"Aug 21, 2023"
Practical and hands-on. Directly applicable to industry work.,user_052,3,course-236,"Jun 07, 2021"
Practical and hands-on. Directly applicable to industry work.,user_052,3,course-160,"Dec 06, 2021"
Incredible course! Clear explanation of complex concepts.,user_052,3,course-063,"Feb 25, 2021"
Comprehensive syllabus. Helped me transition into my new role.,user_052,4,course-011,"Jul 26, 2022"
Great depth of coverage and excellent reference reading material.,user_052,3,course-175,"Aug 22, 2021"
"Fantastic instructor, great pace, and awesome community support.",user_052,5,course-227,"Feb 02, 2022"
"Fantastic instructor, great pace, and awesome community support.",user_052,5,course-083,"Mar 20, 2022"
"Fantastic instructor, great pace, and awesome community support.",user_052,4,course-098,"Nov 21, 2022"
Incredible course! Clear explanation of complex concepts.,user_052,4,course-204,"Oct 19, 2022"
Incredible course! Clear explanation of complex concepts.,user_052,5,course-245,"Feb 14, 2023"
Incredible course! Clear explanation of complex concepts.,user_052,5,course-099,"Dec 19, 2022"
Comprehensive syllabus. Helped me transition into my new role.,user_052,5,course-066,"Aug 09, 2023"
"Fantastic instructor, great pace, and awesome community support.",user_053,5,course-075,"Jun 10, 2021"
The assignments and real-world projects were top notch.,user_053,5,course-202,"Feb 04, 2023"
Great depth of coverage and excellent reference reading material.,user_053,4,course-176,"May 20, 2023"
Practical and hands-on. Directly applicable to industry work.,user_053,5,course-078,"May 28, 2021"
Great depth of coverage and excellent reference reading material.,user_053,4,course-156,"Jun 07, 2023"
Comprehensive syllabus. Helped me transition into my new role.,user_053,5,course-023,"Sep 08, 2023"
Highly recommended for anyone wanting to master this topic!,user_053,5,course-073,"Jun 15, 2023"
Incredible course! Clear explanation of complex concepts.,user_053,5,course-196,"Feb 12, 2021"
Highly recommended for anyone wanting to master this topic!,user_053,3,course-238,"Feb 08, 2022"
Incredible course! Clear explanation of complex concepts.,user_053,5,course-113,"Nov 09, 2021"
Practical and hands-on. Directly applicable to industry work.,user_053,4,course-098,"Jul 15, 2023"
The assignments and real-world projects were top notch.,user_053,5,course-102,"Feb 27, 2022"
Great depth of coverage and excellent reference reading material.,user_053,5,course-211,"Jun 09, 2022"
Highly recommended for anyone wanting to master this topic!,user_054,5,course-042,"Apr 18, 2022"
Incredible course! Clear explanation of complex concepts.,user_054,5,course-048,"Oct 25, 2021"
Comprehensive syllabus. Helped me transition into my new role.,user_054,5,course-057,"Apr 11, 2021"
Highly recommended for anyone wanting to master this topic!,user_054,4,course-158,"May 14, 2022"
Comprehensive syllabus. Helped me transition into my new role.,user_054,5,course-214,"May 12, 2021"
The assignments and real-world projects were top notch.,user_054,5,course-065,"Apr 13, 2021"
Incredible course! Clear explanation of complex concepts.,user_054,4,course-050,"Jul 11, 2023"
"Fantastic instructor, great pace, and awesome community support.",user_054,4,course-030,"Apr 07, 2022"
Practical and hands-on. Directly applicable to industry work.,user_054,4,course-047,"Nov 10, 2021"
The assignments and real-world projects were top notch.,user_054,5,course-172,"Aug 03, 2022"
Great depth of coverage and excellent reference reading material.,user_054,5,course-205,"Nov 20, 2021"
The assignments and real-world projects were top notch.,user_054,5,course-146,"Jan 05, 2021"
Great depth of coverage and excellent reference reading material.,user_054,4,course-219,"Aug 15, 2021"
Practical and hands-on. Directly applicable to industry work.,user_054,5,course-014,"Mar 23, 2022"
Great depth of coverage and excellent reference reading material.,user_055,5,course-216,"Oct 15, 2021"
The assignments and real-world projects were top notch.,user_055,5,course-093,"Jul 02, 2023"
Comprehensive syllabus. Helped me transition into my new role.,user_055,5,course-035,"Jan 22, 2023"
Incredible course! Clear explanation of complex concepts.,user_055,5,course-174,"Jan 15, 2023"
Incredible course! Clear explanation of complex concepts.,user_055,3,course-188,"May 20, 2023"
Incredible course! Clear explanation of complex concepts.,user_055,5,course-085,"Apr 13, 2023"
"Fantastic instructor, great pace, and awesome community support.",user_055,5,course-225,"Feb 27, 2023"
Incredible course! Clear explanation of complex concepts.,user_055,5,course-123,"Jul 19, 2022"
Highly recommended for anyone wanting to master this topic!,user_055,4,course-119,"Apr 29, 2022"
The assignments and real-world projects were top notch.,user_055,5,course-115,"Jan 10, 2022"
Great depth of coverage and excellent reference reading material.,user_055,4,course-092,"Aug 27, 2022"
Comprehensive syllabus. Helped me transition into my new role.,user_055,5,course-199,"May 18, 2021"
Highly recommended for anyone wanting to master this topic!,user_055,5,course-079,"Apr 03, 2021"
Highly recommended for anyone wanting to master this topic!,user_055,4,course-125,"Jan 11, 2021"
Great depth of coverage and excellent reference reading material.,user_055,5,course-142,"Sep 15, 2023"
Highly recommended for anyone wanting to master this topic!,user_055,5,course-028,"Dec 02, 2022"
Highly recommended for anyone wanting to master this topic!,user_055,4,course-045,"May 24, 2021"
The assignments and real-world projects were top notch.,user_055,5,course-166,"Aug 03, 2022"
Great depth of coverage and excellent reference reading material.,user_056,4,course-189,"Jan 05, 2022"
"Fantastic instructor, great pace, and awesome community support.",user_056,4,course-188,"Jun 22, 2023"
Practical and hands-on. Directly applicable to industry work.,user_056,3,course-124,"Nov 28, 2021"
Highly recommended for anyone wanting to master this topic!,user_056,4,course-241,"Oct 11, 2022"
Great depth of coverage and excellent reference reading material.,user_056,5,course-092,"Jan 30, 2023"
Highly recommended for anyone wanting to master this topic!,user_056,4,course-011,"Aug 07, 2022"
Practical and hands-on. Directly applicable to industry work.,user_056,4,course-057,"Jan 23, 2022"
Practical and hands-on. Directly applicable to industry work.,user_056,4,course-195,"Jul 09, 2023"
Highly recommended for anyone wanting to master this topic!,user_056,5,course-125,"Sep 15, 2021"
The assignments and real-world projects were top notch.,user_056,4,course-060,"Jun 13, 2022"
Great depth of coverage and excellent reference reading material.,user_056,5,course-017,"Jun 08, 2023"
Great depth of coverage and excellent reference reading material.,user_056,4,course-068,"May 09, 2022"
Incredible course! Clear explanation of complex concepts.,user_056,5,course-095,"May 29, 2022"
"Fantastic instructor, great pace, and awesome community support.",user_056,5,course-172,"Jun 19, 2021"
Incredible course! Clear explanation of complex concepts.,user_057,4,course-020,"May 09, 2022"
"Fantastic instructor, great pace, and awesome community support.",user_057,5,course-132,"Aug 04, 2021"
Practical and hands-on. Directly applicable to industry work.,user_057,5,course-165,"May 04, 2023"
The assignments and real-world projects were top notch.,user_057,5,course-072,"Feb 14, 2021"
Highly recommended for anyone wanting to master this topic!,user_057,4,course-055,"Jun 14, 2021"
Highly recommended for anyone wanting to master this topic!,user_057,4,course-039,"Feb 10, 2021"
The assignments and real-world projects were top notch.,user_057,5,course-048,"Feb 27, 2021"
The assignments and real-world projects were top notch.,user_057,4,course-041,"Jun 14, 2022"
Highly recommended for anyone wanting to master this topic!,user_057,5,course-093,"Sep 20, 2023"
Incredible course! Clear explanation of complex concepts.,user_057,5,course-155,"Jun 19, 2023"
Practical and hands-on. Directly applicable to industry work.,user_057,5,course-184,"Apr 22, 2023"
Incredible course! Clear explanation of complex concepts.,user_057,4,course-210,"Aug 10, 2021"
"Fantastic instructor, great pace, and awesome community support.",user_057,5,course-031,"Jun 08, 2023"
The assignments and real-world projects were top notch.,user_057,5,course-170,"May 01, 2023"
The assignments and real-world projects were top notch.,user_057,5,course-059,"Mar 25, 2023"
Great depth of coverage and excellent reference reading material.,user_057,5,course-107,"Jul 06, 2021"
Highly recommended for anyone wanting to master this topic!,user_057,5,course-208,"Sep 28, 2021"
Highly recommended for anyone wanting to master this topic!,user_058,5,course-186,"Dec 02, 2022"
The assignments and real-world projects were top notch.,user_058,5,course-176,"Sep 13, 2022"
"Fantastic instructor, great pace, and awesome community support.",user_058,3,course-088,"Jul 13, 2023"
Incredible course! Clear explanation of complex concepts.,user_058,5,course-237,"Jun 18, 2023"
Highly recommended for anyone wanting to master this topic!,user_058,5,course-117,"Feb 10, 2023"
"Fantastic instructor, great pace, and awesome community support.",user_058,4,course-153,"Nov 07, 2022"
Highly recommended for anyone wanting to master this topic!,user_058,4,course-152,"Jul 07, 2022"
Great depth of coverage and excellent reference reading material.,user_058,5,course-018,"Nov 26, 2022"
Highly recommended for anyone wanting to master this topic!,user_058,5,course-059,"Mar 07, 2022"
Incredible course! Clear explanation of complex concepts.,user_058,4,course-097,"Dec 16, 2022"
The assignments and real-world projects were top notch.,user_058,5,course-099,"Aug 19, 2023"
Great depth of coverage and excellent reference reading material.,user_058,5,course-034,"Feb 27, 2023"
Highly recommended for anyone wanting to master this topic!,user_058,4,course-028,"Apr 04, 2023"
Great depth of coverage and excellent reference reading material.,user_058,5,course-005,"May 08, 2023"
Incredible course! Clear explanation of complex concepts.,user_058,5,course-052,"Mar 12, 2022"
Great depth of coverage and excellent reference reading material.,user_059,5,course-066,"Jan 08, 2021"
Incredible course! Clear explanation of complex concepts.,user_059,5,course-123,"Jun 17, 2022"
Practical and hands-on. Directly applicable to industry work.,user_059,3,course-197,"Jul 30, 2021"
Comprehensive syllabus. Helped me transition into my new role.,user_059,5,course-060,"Feb 23, 2022"
The assignments and real-world projects were top notch.,user_059,4,course-233,"Mar 13, 2022"
Comprehensive syllabus. Helped me transition into my new role.,user_059,5,course-220,"Sep 25, 2021"
"Fantastic instructor, great pace, and awesome community support.",user_059,5,course-022,"Aug 02, 2022"
Comprehensive syllabus. Helped me transition into my new role.,user_059,4,course-073,"Nov 28, 2022"
The assignments and real-world projects were top notch.,user_059,4,course-154,"Feb 28, 2022"
Highly recommended for anyone wanting to master this topic!,user_059,5,course-225,"May 10, 2022"
Highly recommended for anyone wanting to master this topic!,user_059,4,course-140,"Jul 23, 2022"
Comprehensive syllabus. Helped me transition into my new role.,user_059,5,course-105,"Aug 15, 2022"
Practical and hands-on. Directly applicable to industry work.,user_059,4,course-049,"Feb 12, 2022"
Great depth of coverage and excellent reference reading material.,user_059,5,course-002,"Jun 04, 2023"
Highly recommended for anyone wanting to master this topic!,user_060,5,course-192,"Dec 15, 2022"
Incredible course! Clear explanation of complex concepts.,user_060,5,course-059,"Jun 14, 2021"
Practical and hands-on. Directly applicable to industry work.,user_060,4,course-115,"Jan 06, 2021"
Great depth of coverage and excellent reference reading material.,user_060,5,course-201,"May 29, 2021"
Highly recommended for anyone wanting to master this topic!,user_060,5,course-180,"Mar 22, 2022"
Comprehensive syllabus. Helped me transition into my new role.,user_060,3,course-244,"Aug 16, 2021"
Highly recommended for anyone wanting to master this topic!,user_060,4,course-042,"Feb 08, 2021"
"Fantastic instructor, great pace, and awesome community support.",user_060,5,course-026,"Sep 21, 2022"
Comprehensive syllabus. Helped me transition into my new role.,user_060,5,course-055,"Dec 30, 2022"
Incredible course! Clear explanation of complex concepts.,user_060,5,course-131,"Aug 27, 2023"
The assignments and real-world projects were top notch.,user_060,5,course-103,"Oct 18, 2022"
Incredible course! Clear explanation of complex concepts.,user_060,5,course-202,"Jul 26, 2021"
Great depth of coverage and excellent reference reading material.,user_060,5,course-087,"Jun 15, 2022"
Great depth of coverage and excellent reference reading material.,user_061,5,course-050,"Feb 14, 2022"
"Fantastic instructor, great pace, and awesome community support.",user_061,4,course-009,"Feb 20, 2022"
Highly recommended for anyone wanting to master this topic!,user_061,5,course-201,"Jan 16, 2021"
Incredible course! Clear explanation of complex concepts.,user_061,5,course-154,"Jul 31, 2023"
Comprehensive syllabus. Helped me transition into my new role.,user_061,3,course-131,"Jan 14, 2023"
Highly recommended for anyone wanting to master this topic!,user_061,5,course-133,"Dec 23, 2021"
Great depth of coverage and excellent reference reading material.,user_061,4,course-179,"Oct 11, 2021"
The assignments and real-world projects were top notch.,user_061,4,course-060,"Apr 11, 2022"
Highly recommended for anyone wanting to master this topic!,user_061,5,course-158,"Jan 05, 2021"
"Fantastic instructor, great pace, and awesome community support.",user_061,4,course-044,"Jun 03, 2022"
Incredible course! Clear explanation of complex concepts.,user_061,4,course-173,"May 31, 2022"
Incredible course! Clear explanation of complex concepts.,user_061,4,course-010,"Apr 03, 2023"
Comprehensive syllabus. Helped me transition into my new role.,user_061,5,course-093,"Jun 17, 2023"
Great depth of coverage and excellent reference reading material.,user_061,5,course-062,"Aug 12, 2022"
"Fantastic instructor, great pace, and awesome community support.",user_061,4,course-168,"Sep 17, 2023"
"Fantastic instructor, great pace, and awesome community support.",user_061,4,course-001,"Feb 28, 2023"
Comprehensive syllabus. Helped me transition into my new role.,user_061,4,course-250,"Sep 12, 2023"
Practical and hands-on. Directly applicable to industry work.,user_061,5,course-041,"Apr 17, 2022"
Great depth of coverage and excellent reference reading material.,user_061,5,course-023,"Jan 29, 2021"
Comprehensive syllabus. Helped me transition into my new role.,user_062,5,course-030,"Mar 19, 2021"
The assignments and real-world projects were top notch.,user_062,5,course-067,"May 03, 2022"
The assignments and real-world projects were top notch.,user_062,4,course-018,"Jul 05, 2023"
The assignments and real-world projects were top notch.,user_062,5,course-098,"Aug 28, 2023"
The assignments and real-world projects were top notch.,user_062,5,course-163,"May 26, 2022"
The assignments and real-world projects were top notch.,user_062,5,course-202,"Jan 24, 2023"
Comprehensive syllabus. Helped me transition into my new role.,user_062,4,course-057,"Jul 31, 2021"
Great depth of coverage and excellent reference reading material.,user_062,4,course-174,"Sep 13, 2021"
Comprehensive syllabus. Helped me transition into my new role.,user_062,5,course-180,"Jun 09, 2021"
Incredible course! Clear explanation of complex concepts.,user_062,5,course-059,"Aug 01, 2023"
Practical and hands-on. Directly applicable to industry work.,user_062,3,course-205,"May 20, 2022"
Great depth of coverage and excellent reference reading material.,user_062,5,course-081,"May 28, 2023"
Incredible course! Clear explanation of complex concepts.,user_062,5,course-106,"May 19, 2023"
Highly recommended for anyone wanting to master this topic!,user_062,5,course-091,"Nov 19, 2021"
Highly recommended for anyone wanting to master this topic!,user_062,5,course-133,"Jun 09, 2023"
The assignments and real-world projects were top notch.,user_062,4,course-138,"Feb 22, 2023"
Comprehensive syllabus. Helped me transition into my new role.,user_062,5,course-003,"Feb 12, 2022"
Highly recommended for anyone wanting to master this topic!,user_062,4,course-242,"May 12, 2021"
Great depth of coverage and excellent reference reading material.,user_062,3,course-214,"Mar 10, 2022"
Highly recommended for anyone wanting to master this topic!,user_062,5,course-068,"Feb 03, 2021"
"Fantastic instructor, great pace, and awesome community support.",user_062,5,course-064,"Jun 01, 2023"
The assignments and real-world projects were top notch.,user_062,5,course-074,"Apr 14, 2022"
Practical and hands-on. Directly applicable to industry work.,user_062,5,course-024,"Jun 15, 2022"
Practical and hands-on. Directly applicable to industry work.,user_062,5,course-103,"Jan 09, 2021"
The assignments and real-world projects were top notch.,user_062,3,course-173,"Jan 24, 2022"
"Fantastic instructor, great pace, and awesome community support.",user_063,4,course-084,"Mar 11, 2022"
Practical and hands-on. Directly applicable to industry work.,user_063,4,course-093,"Feb 10, 2023"
Great depth of coverage and excellent reference reading material.,user_063,4,course-157,"Feb 15, 2022"
The assignments and real-world projects were top notch.,user_063,4,course-221,"Aug 09, 2022"
Highly recommended for anyone wanting to master this topic!,user_063,4,course-067,"Dec 04, 2022"
Incredible course! Clear explanation of complex concepts.,user_063,4,course-048,"Jan 09, 2023"
The assignments and real-world projects were top notch.,user_063,4,course-141,"Jul 23, 2022"
"Fantastic instructor, great pace, and awesome community support.",user_063,5,course-068,"Jul 20, 2021"
Practical and hands-on. Directly applicable to industry work.,user_063,4,course-061,"Jun 03, 2021"
Incredible course! Clear explanation of complex concepts.,user_063,5,course-069,"Jun 30, 2021"
The assignments and real-world projects were top notch.,user_063,5,course-121,"Jul 04, 2023"
Highly recommended for anyone wanting to master this topic!,user_063,5,course-246,"Jul 01, 2022"
Great depth of coverage and excellent reference reading material.,user_063,5,course-088,"May 14, 2022"
Comprehensive syllabus. Helped me transition into my new role.,user_064,4,course-065,"Jan 04, 2022"
Great depth of coverage and excellent reference reading material.,user_064,5,course-144,"Sep 21, 2021"
"Fantastic instructor, great pace, and awesome community support.",user_064,4,course-220,"May 05, 2021"
Practical and hands-on. Directly applicable to industry work.,user_064,4,course-146,"Sep 14, 2023"
Highly recommended for anyone wanting to master this topic!,user_064,5,course-013,"Aug 13, 2022"
Highly recommended for anyone wanting to master this topic!,user_064,5,course-102,"Jun 28, 2021"
Comprehensive syllabus. Helped me transition into my new role.,user_064,5,course-026,"Dec 30, 2021"
Highly recommended for anyone wanting to master this topic!,user_064,4,course-177,"May 15, 2022"
"Fantastic instructor, great pace, and awesome community support.",user_064,5,course-042,"Jun 30, 2023"
Highly recommended for anyone wanting to master this topic!,user_064,3,course-016,"Oct 21, 2021"
The assignments and real-world projects were top notch.,user_064,5,course-056,"Jun 09, 2023"
Great depth of coverage and excellent reference reading material.,user_064,4,course-209,"Aug 09, 2023"
Practical and hands-on. Directly applicable to industry work.,user_064,4,course-066,"Sep 20, 2022"
Great depth of coverage and excellent reference reading material.,user_064,5,course-122,"Jul 18, 2023"
The assignments and real-world projects were top notch.,user_064,3,course-215,"Dec 18, 2021"
Comprehensive syllabus. Helped me transition into my new role.,user_064,4,course-162,"Oct 31, 2022"
Comprehensive syllabus. Helped me transition into my new role.,user_064,4,course-025,"Sep 12, 2022"
Comprehensive syllabus. Helped me transition into my new role.,user_064,5,course-116,"Jun 28, 2023"
Great depth of coverage and excellent reference reading material.,user_064,5,course-191,"Aug 20, 2023"
Incredible course! Clear explanation of complex concepts.,user_065,4,course-192,"Aug 18, 2023"
Highly recommended for anyone wanting to master this topic!,user_065,5,course-151,"Feb 25, 2021"
"Fantastic instructor, great pace, and awesome community support.",user_065,3,course-134,"Jun 21, 2022"
Incredible course! Clear explanation of complex concepts.,user_065,5,course-248,"Apr 17, 2021"
The assignments and real-world projects were top notch.,user_065,4,course-116,"Mar 28, 2021"
"Fantastic instructor, great pace, and awesome community support.",user_065,5,course-106,"Nov 13, 2021"
Practical and hands-on. Directly applicable to industry work.,user_065,4,course-043,"Oct 18, 2021"
The assignments and real-world projects were top notch.,user_065,5,course-048,"May 15, 2021"
The assignments and real-world projects were top notch.,user_065,5,course-219,"Jan 30, 2021"
Comprehensive syllabus. Helped me transition into my new role.,user_065,3,course-006,"Jun 01, 2023"
Great depth of coverage and excellent reference reading material.,user_065,5,course-033,"May 03, 2022"
Great depth of coverage and excellent reference reading material.,user_065,5,course-187,"Jul 08, 2022"
Highly recommended for anyone wanting to master this topic!,user_065,5,course-061,"Apr 01, 2022"
Practical and hands-on. Directly applicable to industry work.,user_065,4,course-170,"Jul 07, 2022"
Highly recommended for anyone wanting to master this topic!,user_065,4,course-065,"Apr 13, 2022"
Practical and hands-on. Directly applicable to industry work.,user_065,5,course-241,"Jun 18, 2023"
Highly recommended for anyone wanting to master this topic!,user_065,5,course-191,"Oct 18, 2022"
Comprehensive syllabus. Helped me transition into my new role.,user_065,5,course-180,"Jul 20, 2023"
Highly recommended for anyone wanting to master this topic!,user_065,4,course-021,"Aug 21, 2021"
"Fantastic instructor, great pace, and awesome community support.",user_065,5,course-054,"Nov 12, 2021"
Comprehensive syllabus. Helped me transition into my new role.,user_065,4,course-102,"Jun 09, 2021"
Comprehensive syllabus. Helped me transition into my new role.,user_066,5,course-003,"Sep 04, 2022"
Incredible course! Clear explanation of complex concepts.,user_066,4,course-001,"Jul 16, 2022"
"Fantastic instructor, great pace, and awesome community support.",user_066,4,course-134,"Jun 23, 2023"
"Fantastic instructor, great pace, and awesome community support.",user_066,5,course-209,"Sep 13, 2021"
Practical and hands-on. Directly applicable to industry work.,user_066,4,course-195,"Oct 24, 2022"
"Fantastic instructor, great pace, and awesome community support.",user_066,4,course-218,"Aug 14, 2021"
"Fantastic instructor, great pace, and awesome community support.",user_066,4,course-035,"Oct 03, 2022"
Great depth of coverage and excellent reference reading material.,user_066,4,course-089,"Mar 31, 2023"
Great depth of coverage and excellent reference reading material.,user_066,5,course-074,"Dec 12, 2022"
Comprehensive syllabus. Helped me transition into my new role.,user_066,5,course-121,"Oct 27, 2022"
Great depth of coverage and excellent reference reading material.,user_066,5,course-137,"Oct 03, 2021"
Great depth of coverage and excellent reference reading material.,user_066,5,course-177,"Mar 12, 2021"
Comprehensive syllabus. Helped me transition into my new role.,user_066,4,course-237,"Apr 24, 2021"
Highly recommended for anyone wanting to master this topic!,user_066,5,course-126,"Apr 09, 2022"
Highly recommended for anyone wanting to master this topic!,user_066,4,course-243,"May 19, 2022"
Incredible course! Clear explanation of complex concepts.,user_066,4,course-194,"Jun 05, 2021"
Highly recommended for anyone wanting to master this topic!,user_066,3,course-123,"Jan 23, 2021"
Incredible course! Clear explanation of complex concepts.,user_066,4,course-077,"Oct 16, 2021"
Practical and hands-on. Directly applicable to industry work.,user_066,4,course-197,"Mar 25, 2022"
Comprehensive syllabus. Helped me transition into my new role.,user_067,5,course-060,"Apr 20, 2022"
Incredible course! Clear explanation of complex concepts.,user_067,5,course-024,"Dec 05, 2021"
Great depth of coverage and excellent reference reading material.,user_067,3,course-039,"Sep 02, 2023"
Comprehensive syllabus. Helped me transition into my new role.,user_067,4,course-004,"Mar 06, 2023"
Highly recommended for anyone wanting to master this topic!,user_067,4,course-127,"Apr 27, 2022"
Great depth of coverage and excellent reference reading material.,user_067,4,course-056,"Sep 14, 2021"
Great depth of coverage and excellent reference reading material.,user_067,5,course-088,"Jan 13, 2021"
Great depth of coverage and excellent reference reading material.,user_067,4,course-108,"Jan 02, 2023"
Great depth of coverage and excellent reference reading material.,user_067,4,course-080,"Sep 26, 2023"
Practical and hands-on. Directly applicable to industry work.,user_067,5,course-202,"Feb 04, 2021"
Practical and hands-on. Directly applicable to industry work.,user_068,5,course-118,"Aug 18, 2023"
Incredible course! Clear explanation of complex concepts.,user_068,5,course-189,"Sep 17, 2021"
Comprehensive syllabus. Helped me transition into my new role.,user_068,5,course-198,"Jul 23, 2021"
Incredible course! Clear explanation of complex concepts.,user_068,4,course-025,"Jun 04, 2023"
Incredible course! Clear explanation of complex concepts.,user_068,5,course-134,"Aug 30, 2021"
Comprehensive syllabus. Helped me transition into my new role.,user_068,5,course-171,"Jan 16, 2021"
Comprehensive syllabus. Helped me transition into my new role.,user_068,4,course-054,"Aug 22, 2022"
Great depth of coverage and excellent reference reading material.,user_068,4,course-122,"Sep 06, 2021"
Incredible course! Clear explanation of complex concepts.,user_068,3,course-100,"Aug 19, 2022"
"Fantastic instructor, great pace, and awesome community support.",user_068,5,course-175,"Dec 06, 2022"
Comprehensive syllabus. Helped me transition into my new role.,user_068,5,course-247,"Mar 01, 2023"
The assignments and real-world projects were top notch.,user_068,3,course-080,"May 27, 2022"
Highly recommended for anyone wanting to master this topic!,user_068,3,course-240,"Dec 13, 2021"
Great depth of coverage and excellent reference reading material.,user_068,5,course-083,"Oct 03, 2022"
Comprehensive syllabus. Helped me transition into my new role.,user_068,3,course-041,"Oct 23, 2022"
Highly recommended for anyone wanting to master this topic!,user_068,4,course-162,"Mar 22, 2023"
Practical and hands-on. Directly applicable to industry work.,user_069,4,course-033,"Jan 22, 2022"
The assignments and real-world projects were top notch.,user_069,4,course-125,"Sep 14, 2021"
"Fantastic instructor, great pace, and awesome community support.",user_069,5,course-060,"Dec 25, 2022"
Comprehensive syllabus. Helped me transition into my new role.,user_069,5,course-082,"Jul 10, 2022"
The assignments and real-world projects were top notch.,user_069,5,course-143,"Aug 04, 2022"
Comprehensive syllabus. Helped me transition into my new role.,user_069,4,course-202,"Nov 28, 2021"
Comprehensive syllabus. Helped me transition into my new role.,user_069,5,course-166,"Jun 08, 2023"
Great depth of coverage and excellent reference reading material.,user_069,5,course-194,"Jul 22, 2022"
Highly recommended for anyone wanting to master this topic!,user_069,4,course-089,"Jun 08, 2021"
Great depth of coverage and excellent reference reading material.,user_069,5,course-207,"Sep 27, 2021"
"Fantastic instructor, great pace, and awesome community support.",user_069,5,course-229,"Jan 01, 2021"
Highly recommended for anyone wanting to master this topic!,user_069,5,course-113,"Jan 24, 2022"
Incredible course! Clear explanation of complex concepts.,user_069,5,course-188,"Sep 27, 2022"
Incredible course! Clear explanation of complex concepts.,user_070,5,course-199,"Apr 09, 2021"
Incredible course! Clear explanation of complex concepts.,user_070,5,course-159,"Feb 14, 2021"
The assignments and real-world projects were top notch.,user_070,5,course-062,"Jul 02, 2021"
The assignments and real-world projects were top notch.,user_070,5,course-083,"Apr 20, 2021"
Incredible course! Clear explanation of complex concepts.,user_070,5,course-185,"Feb 02, 2021"
Great depth of coverage and excellent reference reading material.,user_070,5,course-017,"Feb 02, 2022"
Highly recommended for anyone wanting to master this topic!,user_070,5,course-169,"Oct 01, 2022"
Comprehensive syllabus. Helped me transition into my new role.,user_070,5,course-248,"Feb 20, 2021"
Highly recommended for anyone wanting to master this topic!,user_070,4,course-138,"Jan 06, 2023"
The assignments and real-world projects were top notch.,user_070,3,course-210,"Nov 03, 2022"
Great depth of coverage and excellent reference reading material.,user_070,5,course-100,"Mar 23, 2021"
Practical and hands-on. Directly applicable to industry work.,user_070,5,course-049,"Mar 04, 2021"
Practical and hands-on. Directly applicable to industry work.,user_070,4,course-135,"Aug 19, 2023"
Great depth of coverage and excellent reference reading material.,user_070,5,course-175,"Jan 13, 2022"
Incredible course! Clear explanation of complex concepts.,user_070,5,course-128,"Apr 24, 2023"
Highly recommended for anyone wanting to master this topic!,user_070,5,course-197,"Feb 11, 2021"
Great depth of coverage and excellent reference reading material.,user_070,5,course-142,"Nov 08, 2021"
The assignments and real-world projects were top notch.,user_070,3,course-040,"Sep 11, 2023"
Incredible course! Clear explanation of complex concepts.,user_070,5,course-157,"Jan 13, 2023"
"Fantastic instructor, great pace, and awesome community support.",user_070,4,course-073,"Jul 14, 2021"
Practical and hands-on. Directly applicable to industry work.,user_070,4,course-105,"Sep 12, 2021"
The assignments and real-world projects were top notch.,user_071,4,course-143,"Jul 18, 2022"
Comprehensive syllabus. Helped me transition into my new role.,user_071,5,course-192,"Nov 05, 2022"
Highly recommended for anyone wanting to master this topic!,user_071,4,course-107,"Mar 30, 2022"
Comprehensive syllabus. Helped me transition into my new role.,user_071,5,course-028,"Jul 18, 2022"
Comprehensive syllabus. Helped me transition into my new role.,user_071,5,course-197,"May 16, 2023"
Great depth of coverage and excellent reference reading material.,user_071,4,course-164,"Oct 11, 2022"
Practical and hands-on. Directly applicable to industry work.,user_071,5,course-148,"Nov 28, 2021"
Highly recommended for anyone wanting to master this topic!,user_071,5,course-092,"Jul 13, 2022"
Great depth of coverage and excellent reference reading material.,user_071,4,course-173,"Jul 18, 2022"
Comprehensive syllabus. Helped me transition into my new role.,user_071,5,course-118,"Jan 04, 2022"
"Fantastic instructor, great pace, and awesome community support.",user_071,5,course-180,"Sep 10, 2023"
Practical and hands-on. Directly applicable to industry work.,user_071,4,course-171,"Feb 05, 2021"
Highly recommended for anyone wanting to master this topic!,user_071,5,course-110,"Jan 17, 2021"
Comprehensive syllabus. Helped me transition into my new role.,user_071,5,course-227,"Jan 07, 2021"
The assignments and real-world projects were top notch.,user_071,4,course-027,"Aug 08, 2021"
The assignments and real-world projects were top notch.,user_072,5,course-006,"Aug 27, 2021"
Comprehensive syllabus. Helped me transition into my new role.,user_072,4,course-198,"Apr 05, 2021"
Highly recommended for anyone wanting to master this topic!,user_072,5,course-211,"Jul 29, 2023"
Incredible course! Clear explanation of complex concepts.,user_072,4,course-242,"Jan 11, 2023"
"Fantastic instructor, great pace, and awesome community support.",user_072,4,course-177,"Jun 27, 2021"
Practical and hands-on. Directly applicable to industry work.,user_072,5,course-071,"Dec 21, 2022"
Incredible course! Clear explanation of complex concepts.,user_072,5,course-236,"Sep 02, 2022"
Incredible course! Clear explanation of complex concepts.,user_072,5,course-142,"Jan 19, 2023"
"Fantastic instructor, great pace, and awesome community support.",user_072,5,course-131,"Mar 22, 2021"
Great depth of coverage and excellent reference reading material.,user_072,5,course-143,"Dec 09, 2021"
Great depth of coverage and excellent reference reading material.,user_072,4,course-147,"Mar 21, 2022"
Great depth of coverage and excellent reference reading material.,user_072,5,course-238,"May 04, 2021"
The assignments and real-world projects were top notch.,user_072,5,course-040,"Feb 05, 2023"
Highly recommended for anyone wanting to master this topic!,user_072,5,course-025,"Aug 09, 2023"
Great depth of coverage and excellent reference reading material.,user_072,3,course-010,"Oct 10, 2022"
Comprehensive syllabus. Helped me transition into my new role.,user_072,4,course-118,"Jun 21, 2022"
Highly recommended for anyone wanting to master this topic!,user_072,3,course-092,"Aug 02, 2022"
Highly recommended for anyone wanting to master this topic!,user_072,4,course-036,"Dec 16, 2022"
Incredible course! Clear explanation of complex concepts.,user_072,4,course-068,"Nov 21, 2022"
"Fantastic instructor, great pace, and awesome community support.",user_072,5,course-094,"Sep 22, 2023"
Practical and hands-on. Directly applicable to industry work.,user_073,5,course-193,"May 14, 2021"
"Fantastic instructor, great pace, and awesome community support.",user_073,5,course-153,"Jul 27, 2022"
"Fantastic instructor, great pace, and awesome community support.",user_073,4,course-148,"Oct 30, 2022"
Highly recommended for anyone wanting to master this topic!,user_073,5,course-130,"Sep 23, 2022"
Highly recommended for anyone wanting to master this topic!,user_073,5,course-024,"Sep 10, 2021"
Comprehensive syllabus. Helped me transition into my new role.,user_073,4,course-057,"Mar 07, 2023"
Practical and hands-on. Directly applicable to industry work.,user_073,5,course-111,"Aug 05, 2023"
Incredible course! Clear explanation of complex concepts.,user_073,5,course-075,"Nov 19, 2022"
Comprehensive syllabus. Helped me transition into my new role.,user_073,5,course-202,"Dec 23, 2021"
Comprehensive syllabus. Helped me transition into my new role.,user_073,4,course-101,"Sep 01, 2022"
Great depth of coverage and excellent reference reading material.,user_073,5,course-038,"Nov 09, 2021"
Comprehensive syllabus. Helped me transition into my new role.,user_073,4,course-034,"Sep 24, 2022"
Great depth of coverage and excellent reference reading material.,user_073,5,course-087,"Mar 29, 2022"
"Fantastic instructor, great pace, and awesome community support.",user_073,5,course-022,"Feb 15, 2021"
The assignments and real-world projects were top notch.,user_073,5,course-122,"Jul 24, 2021"
The assignments and real-world projects were top notch.,user_073,5,course-147,"Feb 15, 2023"
Incredible course! Clear explanation of complex concepts.,user_073,5,course-191,"Apr 26, 2021"
The assignments and real-world projects were top notch.,user_073,5,course-013,"Aug 30, 2023"
The assignments and real-world projects were top notch.,user_073,5,course-141,"Jun 09, 2023"
Comprehensive syllabus. Helped me transition into my new role.,user_073,5,course-103,"Jan 15, 2021"
Great depth of coverage and excellent reference reading material.,user_073,4,course-068,"Apr 24, 2021"
"Fantastic instructor, great pace, and awesome community support.",user_073,4,course-237,"Jan 24, 2021"
Practical and hands-on. Directly applicable to industry work.,user_073,4,course-231,"Jul 05, 2022"
Highly recommended for anyone wanting to master this topic!,user_073,4,course-129,"Jun 20, 2022"
Great depth of coverage and excellent reference reading material.,user_074,4,course-141,"Dec 15, 2022"
Incredible course! Clear explanation of complex concepts.,user_074,5,course-124,"Apr 22, 2022"
Incredible course! Clear explanation of complex concepts.,user_074,5,course-160,"Mar 10, 2021"
Comprehensive syllabus. Helped me transition into my new role.,user_074,4,course-187,"Nov 10, 2022"
Practical and hands-on. Directly applicable to industry work.,user_074,5,course-037,"Jan 04, 2022"
Incredible course! Clear explanation of complex concepts.,user_074,5,course-178,"Oct 27, 2021"
Practical and hands-on. Directly applicable to industry work.,user_074,5,course-179,"Jan 31, 2022"
"Fantastic instructor, great pace, and awesome community support.",user_074,4,course-172,"Jun 05, 2022"
Incredible course! Clear explanation of complex concepts.,user_074,5,course-005,"Jul 15, 2023"
Great depth of coverage and excellent reference reading material.,user_074,4,course-097,"Sep 04, 2022"
The assignments and real-world projects were top notch.,user_074,5,course-150,"Jul 23, 2021"
"Fantastic instructor, great pace, and awesome community support.",user_074,5,course-232,"Jul 29, 2022"
Incredible course! Clear explanation of complex concepts.,user_074,5,course-170,"Feb 10, 2021"
Highly recommended for anyone wanting to master this topic!,user_074,4,course-135,"Nov 09, 2021"
"Fantastic instructor, great pace, and awesome community support.",user_074,4,course-012,"Feb 02, 2023"
Comprehensive syllabus. Helped me transition into my new role.,user_074,4,course-066,"Dec 02, 2022"
Practical and hands-on. Directly applicable to industry work.,user_074,4,course-044,"Nov 06, 2021"
Highly recommended for anyone wanting to master this topic!,user_074,4,course-016,"Oct 10, 2021"
Comprehensive syllabus. Helped me transition into my new role.,user_075,4,course-161,"Jul 08, 2023"
The assignments and real-world projects were top notch.,user_075,4,course-066,"Mar 31, 2021"
Highly recommended for anyone wanting to master this topic!,user_075,5,course-225,"Sep 11, 2023"
Great depth of coverage and excellent reference reading material.,user_075,5,course-100,"Oct 03, 2022"
"Fantastic instructor, great pace, and awesome community support.",user_075,5,course-228,"Sep 04, 2021"
"Fantastic instructor, great pace, and awesome community support.",user_075,5,course-209,"Sep 21, 2023"
Highly recommended for anyone wanting to master this topic!,user_075,4,course-008,"Dec 04, 2021"
The assignments and real-world projects were top notch.,user_075,5,course-242,"Jul 31, 2021"
Highly recommended for anyone wanting to master this topic!,user_075,5,course-143,"Jul 09, 2022"
The assignments and real-world projects were top notch.,user_075,5,course-243,"Jun 03, 2023"
Practical and hands-on. Directly applicable to industry work.,user_075,4,course-072,"Dec 24, 2022"
Incredible course! Clear explanation of complex concepts.,user_076,5,course-111,"Jul 08, 2021"
The assignments and real-world projects were top notch.,user_076,4,course-233,"Jan 15, 2023"
Comprehensive syllabus. Helped me transition into my new role.,user_076,3,course-250,"Jun 21, 2023"
"Fantastic instructor, great pace, and awesome community support.",user_076,5,course-198,"Nov 07, 2021"
Great depth of coverage and excellent reference reading material.,user_076,5,course-038,"Jul 05, 2023"
Practical and hands-on. Directly applicable to industry work.,user_076,5,course-168,"Oct 08, 2021"
The assignments and real-world projects were top notch.,user_076,4,course-239,"Apr 20, 2021"
Incredible course! Clear explanation of complex concepts.,user_076,4,course-145,"Feb 20, 2023"
Highly recommended for anyone wanting to master this topic!,user_076,5,course-235,"Oct 01, 2021"
Highly recommended for anyone wanting to master this topic!,user_076,5,course-041,"Aug 25, 2021"
The assignments and real-world projects were top notch.,user_076,5,course-082,"Dec 05, 2022"
Incredible course! Clear explanation of complex concepts.,user_076,3,course-018,"Dec 06, 2022"
The assignments and real-world projects were top notch.,user_076,5,course-143,"May 30, 2022"
"Fantastic instructor, great pace, and awesome community support.",user_076,5,course-137,"Dec 31, 2022"
Great depth of coverage and excellent reference reading material.,user_077,5,course-048,"Jul 29, 2021"
"Fantastic instructor, great pace, and awesome community support.",user_077,3,course-219,"Jun 07, 2023"
Practical and hands-on. Directly applicable to industry work.,user_077,5,course-100,"Nov 29, 2021"
The assignments and real-world projects were top notch.,user_077,5,course-126,"Mar 14, 2022"
Incredible course! Clear explanation of complex concepts.,user_077,5,course-122,"Sep 15, 2022"
"Fantastic instructor, great pace, and awesome community support.",user_077,5,course-036,"Jan 08, 2023"
Highly recommended for anyone wanting to master this topic!,user_077,4,course-042,"Aug 20, 2023"
Highly recommended for anyone wanting to master this topic!,user_077,5,course-050,"Jul 04, 2022"
Practical and hands-on. Directly applicable to industry work.,user_077,5,course-058,"Mar 17, 2023"
Incredible course! Clear explanation of complex concepts.,user_077,3,course-009,"Apr 08, 2022"
Incredible course! Clear explanation of complex concepts.,user_077,5,course-105,"Jun 18, 2023"
Highly recommended for anyone wanting to master this topic!,user_077,5,course-196,"Jul 05, 2022"
Practical and hands-on. Directly applicable to industry work.,user_077,4,course-249,"Feb 10, 2021"
Highly recommended for anyone wanting to master this topic!,user_077,5,course-004,"Feb 23, 2023"
Incredible course! Clear explanation of complex concepts.,user_077,5,course-237,"Jul 14, 2021"
"Fantastic instructor, great pace, and awesome community support.",user_077,4,course-070,"Jun 25, 2023"
Great depth of coverage and excellent reference reading material.,user_077,4,course-244,"Oct 20, 2021"
"Fantastic instructor, great pace, and awesome community support.",user_077,5,course-106,"Oct 29, 2021"
Incredible course! Clear explanation of complex concepts.,user_077,5,course-057,"Dec 08, 2022"
The assignments and real-world projects were top notch.,user_077,5,course-191,"Apr 20, 2022"
"Fantastic instructor, great pace, and awesome community support.",user_077,5,course-172,"Apr 03, 2021"
Highly recommended for anyone wanting to master this topic!,user_078,4,course-047,"Jul 08, 2023"
The assignments and real-world projects were top notch.,user_078,5,course-200,"Jun 23, 2023"
Comprehensive syllabus. Helped me transition into my new role.,user_078,5,course-150,"Nov 28, 2021"
Practical and hands-on. Directly applicable to industry work.,user_078,5,course-241,"Mar 27, 2023"
Practical and hands-on. Directly applicable to industry work.,user_078,4,course-229,"May 07, 2021"
Practical and hands-on. Directly applicable to industry work.,user_078,3,course-179,"Apr 06, 2022"
Incredible course! Clear explanation of complex concepts.,user_078,5,course-140,"Jun 21, 2022"
Practical and hands-on. Directly applicable to industry work.,user_078,5,course-035,"Mar 22, 2023"
Highly recommended for anyone wanting to master this topic!,user_078,5,course-101,"Aug 31, 2023"
Highly recommended for anyone wanting to master this topic!,user_078,4,course-106,"Jan 25, 2022"
The assignments and real-world projects were top notch.,user_078,3,course-083,"Jul 24, 2023"
Great depth of coverage and excellent reference reading material.,user_078,4,course-116,"Nov 07, 2022"
The assignments and real-world projects were top notch.,user_078,5,course-007,"Jun 09, 2023"
The assignments and real-world projects were top notch.,user_079,5,course-046,"Jan 04, 2021"
Comprehensive syllabus. Helped me transition into my new role.,user_079,5,course-197,"Jan 13, 2021"
Great depth of coverage and excellent reference reading material.,user_079,5,course-183,"May 26, 2022"
Incredible course! Clear explanation of complex concepts.,user_079,5,course-014,"Sep 15, 2022"
The assignments and real-world projects were top notch.,user_079,5,course-108,"Aug 11, 2021"
"Fantastic instructor, great pace, and awesome community support.",user_079,5,course-079,"Apr 10, 2022"
Incredible course! Clear explanation of complex concepts.,user_079,5,course-080,"Sep 08, 2022"
The assignments and real-world projects were top notch.,user_079,5,course-187,"Jun 23, 2023"
Highly recommended for anyone wanting to master this topic!,user_079,5,course-247,"Oct 06, 2022"
Great depth of coverage and excellent reference reading material.,user_079,5,course-115,"Aug 01, 2021"
The assignments and real-world projects were top notch.,user_079,3,course-074,"Feb 26, 2021"
Incredible course! Clear explanation of complex concepts.,user_079,5,course-161,"May 29, 2021"
Practical and hands-on. Directly applicable to industry work.,user_079,5,course-047,"Aug 15, 2022"
Comprehensive syllabus. Helped me transition into my new role.,user_079,5,course-031,"Dec 06, 2021"
Highly recommended for anyone wanting to master this topic!,user_080,5,course-013,"Jul 01, 2021"
Practical and hands-on. Directly applicable to industry work.,user_080,5,course-028,"Aug 16, 2022"
Incredible course! Clear explanation of complex concepts.,user_080,4,course-107,"Apr 06, 2021"
Comprehensive syllabus. Helped me transition into my new role.,user_080,5,course-046,"Jan 13, 2022"
Great depth of coverage and excellent reference reading material.,user_080,5,course-042,"Mar 11, 2021"
Great depth of coverage and excellent reference reading material.,user_080,5,course-173,"Jul 18, 2022"
"Fantastic instructor, great pace, and awesome community support.",user_080,3,course-073,"May 18, 2021"
Great depth of coverage and excellent reference reading material.,user_080,4,course-157,"Oct 09, 2021"
"Fantastic instructor, great pace, and awesome community support.",user_080,4,course-170,"Jun 22, 2022"
The assignments and real-world projects were top notch.,user_080,4,course-178,"Sep 19, 2022"
Highly recommended for anyone wanting to master this topic!,user_080,3,course-180,"Jan 18, 2023"
Highly recommended for anyone wanting to master this topic!,user_080,5,course-153,"Mar 31, 2021"
Highly recommended for anyone wanting to master this topic!,user_081,5,course-186,"Aug 27, 2021"
The assignments and real-world projects were top notch.,user_081,5,course-177,"Jan 02, 2021"
"Fantastic instructor, great pace, and awesome community support.",user_081,4,course-155,"Oct 03, 2022"
Practical and hands-on. Directly applicable to industry work.,user_081,5,course-240,"May 19, 2023"
Highly recommended for anyone wanting to master this topic!,user_081,4,course-202,"Mar 01, 2022"
Comprehensive syllabus. Helped me transition into my new role.,user_081,5,course-181,"Dec 25, 2021"
Practical and hands-on. Directly applicable to industry work.,user_081,5,course-074,"Aug 06, 2021"
The assignments and real-world projects were top notch.,user_081,3,course-110,"Dec 08, 2022"
Great depth of coverage and excellent reference reading material.,user_081,4,course-156,"Mar 11, 2021"
Highly recommended for anyone wanting to master this topic!,user_081,4,course-218,"Jul 18, 2022"
Incredible course! Clear explanation of complex concepts.,user_081,4,course-082,"Apr 27, 2021"
Comprehensive syllabus. Helped me transition into my new role.,user_081,5,course-067,"Feb 10, 2022"
Highly recommended for anyone wanting to master this topic!,user_081,5,course-135,"Sep 11, 2023"
The assignments and real-world projects were top notch.,user_081,3,course-148,"Jul 18, 2021"
Comprehensive syllabus. Helped me transition into my new role.,user_081,4,course-160,"Aug 03, 2023"
"Fantastic instructor, great pace, and awesome community support.",user_081,5,course-091,"Mar 28, 2023"
The assignments and real-world projects were top notch.,user_081,3,course-034,"May 09, 2022"
"Fantastic instructor, great pace, and awesome community support.",user_081,4,course-158,"Jul 03, 2023"
Comprehensive syllabus. Helped me transition into my new role.,user_081,5,course-145,"Apr 19, 2022"
"Fantastic instructor, great pace, and awesome community support.",user_081,5,course-128,"Aug 09, 2023"
Great depth of coverage and excellent reference reading material.,user_081,5,course-134,"Jun 18, 2022"
Practical and hands-on. Directly applicable to industry work.,user_081,4,course-187,"Nov 26, 2022"
Highly recommended for anyone wanting to master this topic!,user_081,4,course-162,"Jan 20, 2021"
Practical and hands-on. Directly applicable to industry work.,user_081,4,course-231,"Dec 06, 2021"
Great depth of coverage and excellent reference reading material.,user_081,5,course-127,"Dec 29, 2021"
Highly recommended for anyone wanting to master this topic!,user_082,4,course-249,"Apr 30, 2021"
Great depth of coverage and excellent reference reading material.,user_082,5,course-039,"Nov 12, 2021"
Comprehensive syllabus. Helped me transition into my new role.,user_082,5,course-072,"Dec 28, 2022"
"Fantastic instructor, great pace, and awesome community support.",user_082,3,course-216,"Mar 30, 2021"
The assignments and real-world projects were top notch.,user_082,5,course-008,"Jan 16, 2022"
Comprehensive syllabus. Helped me transition into my new role.,user_082,5,course-087,"Aug 10, 2021"
The assignments and real-world projects were top notch.,user_082,5,course-097,"Apr 25, 2021"
Incredible course! Clear explanation of complex concepts.,user_082,4,course-161,"Mar 08, 2023"
Incredible course! Clear explanation of complex concepts.,user_082,4,course-137,"Mar 31, 2022"
Great depth of coverage and excellent reference reading material.,user_082,5,course-043,"May 10, 2022"
The assignments and real-world projects were top notch.,user_082,5,course-147,"Jul 14, 2021"
"Fantastic instructor, great pace, and awesome community support.",user_082,4,course-156,"Jan 21, 2023"
Comprehensive syllabus. Helped me transition into my new role.,user_083,4,course-199,"Aug 13, 2023"
Great depth of coverage and excellent reference reading material.,user_083,3,course-084,"Sep 01, 2022"
Comprehensive syllabus. Helped me transition into my new role.,user_083,5,course-037,"Apr 24, 2022"
Incredible course! Clear explanation of complex concepts.,user_083,5,course-197,"Jun 18, 2022"
Practical and hands-on. Directly applicable to industry work.,user_083,5,course-224,"Nov 16, 2021"
Great depth of coverage and excellent reference reading material.,user_083,3,course-026,"Nov 16, 2021"
The assignments and real-world projects were top notch.,user_083,5,course-211,"Nov 25, 2021"
Comprehensive syllabus. Helped me transition into my new role.,user_083,4,course-241,"Oct 11, 2021"
Great depth of coverage and excellent reference reading material.,user_083,5,course-133,"Mar 28, 2022"
Comprehensive syllabus. Helped me transition into my new role.,user_083,5,course-174,"Jun 02, 2021"
Incredible course! Clear explanation of complex concepts.,user_083,4,course-034,"Jan 16, 2021"
Highly recommended for anyone wanting to master this topic!,user_083,5,course-053,"Jun 11, 2022"
Highly recommended for anyone wanting to master this topic!,user_083,4,course-186,"Dec 25, 2021"
Comprehensive syllabus. Helped me transition into my new role.,user_083,5,course-010,"May 25, 2021"
Great depth of coverage and excellent reference reading material.,user_083,5,course-118,"Oct 18, 2021"
The assignments and real-world projects were top notch.,user_083,5,course-100,"Mar 14, 2021"
Comprehensive syllabus. Helped me transition into my new role.,user_083,4,course-183,"Jul 08, 2022"
The assignments and real-world projects were top notch.,user_083,5,course-222,"Jan 30, 2021"
Practical and hands-on. Directly applicable to industry work.,user_083,5,course-134,"Feb 21, 2021"
Highly recommended for anyone wanting to master this topic!,user_084,5,course-099,"Dec 31, 2021"
Great depth of coverage and excellent reference reading material.,user_084,4,course-014,"Jul 22, 2021"
Practical and hands-on. Directly applicable to industry work.,user_084,5,course-023,"Apr 09, 2023"
Great depth of coverage and excellent reference reading material.,user_084,5,course-110,"Feb 22, 2023"
The assignments and real-world projects were top notch.,user_084,5,course-101,"Apr 06, 2021"
Practical and hands-on. Directly applicable to industry work.,user_084,5,course-046,"Apr 25, 2022"
Comprehensive syllabus. Helped me transition into my new role.,user_084,3,course-181,"Dec 02, 2022"
Great depth of coverage and excellent reference reading material.,user_084,5,course-153,"Apr 22, 2022"
The assignments and real-world projects were top notch.,user_084,5,course-229,"May 28, 2021"
Highly recommended for anyone wanting to master this topic!,user_084,5,course-152,"Sep 22, 2021"
"Fantastic instructor, great pace, and awesome community support.",user_084,5,course-162,"Jul 07, 2021"
Practical and hands-on. Directly applicable to industry work.,user_084,5,course-215,"Dec 05, 2021"
Comprehensive syllabus. Helped me transition into my new role.,user_084,5,course-177,"Apr 10, 2022"
Comprehensive syllabus. Helped me transition into my new role.,user_085,3,course-008,"Jun 30, 2022"
Highly recommended for anyone wanting to master this topic!,user_085,5,course-017,"Feb 28, 2022"
The assignments and real-world projects were top notch.,user_085,4,course-122,"Jul 16, 2022"
"Fantastic instructor, great pace, and awesome community support.",user_085,4,course-029,"Jan 29, 2022"
The assignments and real-world projects were top notch.,user_085,3,course-090,"Apr 14, 2023"
"Fantastic instructor, great pace, and awesome community support.",user_085,5,course-123,"Mar 15, 2023"
Highly recommended for anyone wanting to master this topic!,user_085,5,course-119,"Mar 18, 2023"
Practical and hands-on. Directly applicable to industry work.,user_085,4,course-217,"Aug 30, 2021"
Practical and hands-on. Directly applicable to industry work.,user_085,4,course-044,"Mar 21, 2021"
Practical and hands-on. Directly applicable to industry work.,user_085,5,course-073,"Aug 11, 2022"
Incredible course! Clear explanation of complex concepts.,user_085,5,course-197,"Aug 30, 2022"
Comprehensive syllabus. Helped me transition into my new role.,user_085,5,course-246,"Jul 23, 2022"
"Fantastic instructor, great pace, and awesome community support.",user_085,3,course-155,"Jun 30, 2021"
"Fantastic instructor, great pace, and awesome community support.",user_085,4,course-148,"Mar 13, 2021"
Practical and hands-on. Directly applicable to industry work.,user_085,5,course-033,"Apr 14, 2023"
Great depth of coverage and excellent reference reading material.,user_085,5,course-131,"Jan 24, 2022"
Practical and hands-on. Directly applicable to industry work.,user_085,4,course-027,"Nov 08, 2022"
The assignments and real-world projects were top notch.,user_085,3,course-104,"Apr 17, 2023"
Highly recommended for anyone wanting to master this topic!,user_085,4,course-210,"Jul 14, 2023"
Great depth of coverage and excellent reference reading material.,user_085,5,course-183,"Jan 01, 2021"
Practical and hands-on. Directly applicable to industry work.,user_085,5,course-204,"Jun 02, 2021"
Comprehensive syllabus. Helped me transition into my new role.,user_085,5,course-028,"Feb 04, 2022"
"Fantastic instructor, great pace, and awesome community support.",user_085,5,course-084,"Jul 20, 2021"
Comprehensive syllabus. Helped me transition into my new role.,user_085,4,course-143,"Nov 03, 2021"
Practical and hands-on. Directly applicable to industry work.,user_085,5,course-167,"Nov 08, 2021"
Comprehensive syllabus. Helped me transition into my new role.,user_086,4,course-184,"Jun 06, 2023"
"Fantastic instructor, great pace, and awesome community support.",user_086,3,course-235,"Dec 21, 2022"
Practical and hands-on. Directly applicable to industry work.,user_086,5,course-089,"Nov 22, 2021"
"Fantastic instructor, great pace, and awesome community support.",user_086,5,course-023,"Jan 26, 2022"
The assignments and real-world projects were top notch.,user_086,5,course-150,"Nov 10, 2022"
The assignments and real-world projects were top notch.,user_086,4,course-003,"Jul 12, 2021"
Great depth of coverage and excellent reference reading material.,user_086,5,course-157,"Aug 05, 2023"
"Fantastic instructor, great pace, and awesome community support.",user_086,4,course-131,"Jun 07, 2021"
Great depth of coverage and excellent reference reading material.,user_086,4,course-104,"Nov 18, 2022"
Incredible course! Clear explanation of complex concepts.,user_086,4,course-217,"Mar 15, 2021"
The assignments and real-world projects were top notch.,user_086,5,course-033,"Jan 09, 2023"
Practical and hands-on. Directly applicable to industry work.,user_086,5,course-219,"Mar 24, 2022"
The assignments and real-world projects were top notch.,user_086,5,course-076,"Mar 28, 2021"
Great depth of coverage and excellent reference reading material.,user_086,4,course-016,"Mar 02, 2022"
Great depth of coverage and excellent reference reading material.,user_086,5,course-095,"Dec 14, 2022"
"Fantastic instructor, great pace, and awesome community support.",user_086,5,course-231,"Oct 01, 2022"
Highly recommended for anyone wanting to master this topic!,user_086,4,course-141,"Mar 11, 2022"
"Fantastic instructor, great pace, and awesome community support.",user_086,5,course-014,"Jan 29, 2022"
The assignments and real-world projects were top notch.,user_086,4,course-001,"Mar 11, 2022"
Highly recommended for anyone wanting to master this topic!,user_086,5,course-181,"May 26, 2022"
The assignments and real-world projects were top notch.,user_086,5,course-144,"Dec 31, 2022"
"Fantastic instructor, great pace, and awesome community support.",user_086,5,course-211,"Aug 07, 2023"
Comprehensive syllabus. Helped me transition into my new role.,user_086,5,course-092,"Feb 04, 2021"
Great depth of coverage and excellent reference reading material.,user_087,5,course-146,"Feb 08, 2023"
"Fantastic instructor, great pace, and awesome community support.",user_087,5,course-124,"Jun 14, 2022"
Highly recommended for anyone wanting to master this topic!,user_087,3,course-181,"Apr 01, 2021"
Practical and hands-on. Directly applicable to industry work.,user_087,4,course-095,"Jan 30, 2023"
Practical and hands-on. Directly applicable to industry work.,user_087,5,course-029,"Mar 21, 2021"
Highly recommended for anyone wanting to master this topic!,user_087,5,course-149,"Mar 29, 2023"
Highly recommended for anyone wanting to master this topic!,user_087,5,course-247,"Feb 24, 2021"
Highly recommended for anyone wanting to master this topic!,user_087,5,course-177,"Mar 09, 2023"
"Fantastic instructor, great pace, and awesome community support.",user_087,3,course-021,"Jun 09, 2022"
Highly recommended for anyone wanting to master this topic!,user_087,5,course-037,"Jan 22, 2023"
Comprehensive syllabus. Helped me transition into my new role.,user_087,4,course-187,"Sep 11, 2023"
Comprehensive syllabus. Helped me transition into my new role.,user_088,5,course-075,"Apr 09, 2023"
Incredible course! Clear explanation of complex concepts.,user_088,5,course-043,"Oct 21, 2021"
The assignments and real-world projects were top notch.,user_088,5,course-010,"Jun 02, 2022"
Great depth of coverage and excellent reference reading material.,user_088,3,course-178,"Oct 12, 2021"
Highly recommended for anyone wanting to master this topic!,user_088,4,course-237,"Oct 15, 2021"
Comprehensive syllabus. Helped me transition into my new role.,user_088,4,course-153,"Jan 15, 2021"
Highly recommended for anyone wanting to master this topic!,user_088,5,course-192,"Jun 28, 2021"
Practical and hands-on. Directly applicable to industry work.,user_088,5,course-078,"Jun 04, 2021"
Comprehensive syllabus. Helped me transition into my new role.,user_088,5,course-187,"Apr 08, 2023"
Great depth of coverage and excellent reference reading material.,user_088,4,course-201,"Dec 19, 2022"
The assignments and real-world projects were top notch.,user_088,4,course-145,"Mar 30, 2023"
Incredible course! Clear explanation of complex concepts.,user_088,5,course-067,"Dec 18, 2021"
The assignments and real-world projects were top notch.,user_088,5,course-016,"Sep 02, 2022"
The assignments and real-world projects were top notch.,user_088,5,course-162,"May 08, 2023"
"Fantastic instructor, great pace, and awesome community support.",user_088,5,course-122,"Feb 28, 2023"
Practical and hands-on. Directly applicable to industry work.,user_088,4,course-149,"Mar 27, 2022"
The assignments and real-world projects were top notch.,user_088,5,course-044,"Aug 04, 2021"
Great depth of coverage and excellent reference reading material.,user_088,5,course-147,"Dec 20, 2021"
Comprehensive syllabus. Helped me transition into my new role.,user_088,3,course-014,"Feb 13, 2023"
"Fantastic instructor, great pace, and awesome community support.",user_089,5,course-014,"May 01, 2022"
Highly recommended for anyone wanting to master this topic!,user_089,4,course-043,"Jun 11, 2023"
Comprehensive syllabus. Helped me transition into my new role.,user_089,5,course-119,"Aug 08, 2023"
"Fantastic instructor, great pace, and awesome community support.",user_089,5,course-103,"Nov 26, 2022"
Highly recommended for anyone wanting to master this topic!,user_089,4,course-122,"Dec 01, 2022"
Incredible course! Clear explanation of complex concepts.,user_089,5,course-078,"Jul 29, 2023"
Comprehensive syllabus. Helped me transition into my new role.,user_089,5,course-192,"Sep 07, 2023"
Highly recommended for anyone wanting to master this topic!,user_089,5,course-243,"Jul 30, 2023"
Comprehensive syllabus. Helped me transition into my new role.,user_089,5,course-193,"Dec 10, 2021"
Great depth of coverage and excellent reference reading material.,user_089,4,course-237,"Apr 11, 2021"
Highly recommended for anyone wanting to master this topic!,user_089,4,course-137,"Feb 05, 2022"
Practical and hands-on. Directly applicable to industry work.,user_089,5,course-060,"Feb 07, 2023"
Practical and hands-on. Directly applicable to industry work.,user_089,4,course-098,"Aug 26, 2022"
Comprehensive syllabus. Helped me transition into my new role.,user_090,5,course-134,"Aug 13, 2021"
Comprehensive syllabus. Helped me transition into my new role.,user_090,5,course-087,"Jul 17, 2021"
Highly recommended for anyone wanting to master this topic!,user_090,3,course-174,"Apr 05, 2021"
Highly recommended for anyone wanting to master this topic!,user_090,3,course-177,"Nov 04, 2022"
The assignments and real-world projects were top notch.,user_090,5,course-047,"Sep 01, 2023"
Incredible course! Clear explanation of complex concepts.,user_090,5,course-081,"Dec 27, 2022"
Incredible course! Clear explanation of complex concepts.,user_090,5,course-141,"May 27, 2023"
"Fantastic instructor, great pace, and awesome community support.",user_090,5,course-003,"Nov 04, 2022"
Practical and hands-on. Directly applicable to industry work.,user_090,5,course-173,"Aug 03, 2022"
The assignments and real-world projects were top notch.,user_090,5,course-213,"Jul 07, 2023"
The assignments and real-world projects were top notch.,user_090,4,course-018,"Sep 17, 2021"
Practical and hands-on. Directly applicable to industry work.,user_090,4,course-004,"Aug 17, 2023"
"Fantastic instructor, great pace, and awesome community support.",user_090,3,course-106,"Aug 03, 2023"
Great depth of coverage and excellent reference reading material.,user_090,5,course-026,"Mar 14, 2022"
Practical and hands-on. Directly applicable to industry work.,user_090,5,course-135,"Feb 28, 2023"
Comprehensive syllabus. Helped me transition into my new role.,user_090,5,course-027,"Jun 15, 2021"
The assignments and real-world projects were top notch.,user_091,3,course-071,"Sep 17, 2022"
Practical and hands-on. Directly applicable to industry work.,user_091,4,course-199,"May 19, 2022"
Highly recommended for anyone wanting to master this topic!,user_091,4,course-016,"Feb 27, 2023"
Highly recommended for anyone wanting to master this topic!,user_091,5,course-098,"Oct 21, 2022"
"Fantastic instructor, great pace, and awesome community support.",user_091,4,course-100,"Jan 03, 2023"
Incredible course! Clear explanation of complex concepts.,user_091,4,course-086,"Mar 16, 2021"
Practical and hands-on. Directly applicable to industry work.,user_091,3,course-067,"Sep 14, 2021"
Incredible course! Clear explanation of complex concepts.,user_091,5,course-245,"Jul 08, 2023"
Practical and hands-on. Directly applicable to industry work.,user_091,5,course-209,"Oct 18, 2022"
Incredible course! Clear explanation of complex concepts.,user_091,3,course-068,"Nov 12, 2022"
The assignments and real-world projects were top notch.,user_091,4,course-046,"Dec 18, 2022"
"Fantastic instructor, great pace, and awesome community support.",user_091,4,course-113,"Aug 12, 2022"
Great depth of coverage and excellent reference reading material.,user_092,5,course-132,"Mar 13, 2021"
Incredible course! Clear explanation of complex concepts.,user_092,5,course-182,"Jan 29, 2022"
Great depth of coverage and excellent reference reading material.,user_092,5,course-241,"Mar 10, 2023"
Highly recommended for anyone wanting to master this topic!,user_092,5,course-198,"Jul 03, 2022"
Comprehensive syllabus. Helped me transition into my new role.,user_092,5,course-126,"Dec 08, 2021"
"Fantastic instructor, great pace, and awesome community support.",user_092,5,course-123,"Feb 26, 2021"
Practical and hands-on. Directly applicable to industry work.,user_092,5,course-112,"Apr 03, 2021"
Great depth of coverage and excellent reference reading material.,user_092,4,course-104,"Sep 11, 2023"
Great depth of coverage and excellent reference reading material.,user_092,4,course-217,"Apr 16, 2022"
Comprehensive syllabus. Helped me transition into my new role.,user_092,5,course-187,"Oct 26, 2022"
Practical and hands-on. Directly applicable to industry work.,user_093,3,course-046,"Mar 25, 2022"
The assignments and real-world projects were top notch.,user_093,5,course-142,"Feb 06, 2021"
Practical and hands-on. Directly applicable to industry work.,user_093,4,course-011,"Aug 31, 2022"
"Fantastic instructor, great pace, and awesome community support.",user_093,4,course-248,"Mar 06, 2021"
Practical and hands-on. Directly applicable to industry work.,user_093,5,course-099,"Nov 12, 2021"
Great depth of coverage and excellent reference reading material.,user_093,5,course-170,"Apr 12, 2023"
Incredible course! Clear explanation of complex concepts.,user_093,5,course-049,"Feb 07, 2021"
Comprehensive syllabus. Helped me transition into my new role.,user_093,4,course-077,"Mar 18, 2023"
"Fantastic instructor, great pace, and awesome community support.",user_093,5,course-179,"May 02, 2021"
Practical and hands-on. Directly applicable to industry work.,user_093,4,course-100,"Nov 15, 2022"
Practical and hands-on. Directly applicable to industry work.,user_093,5,course-230,"Jun 11, 2023"
The assignments and real-world projects were top notch.,user_093,5,course-028,"Jan 29, 2023"
Incredible course! Clear explanation of complex concepts.,user_093,5,course-162,"Feb 07, 2021"
"Fantastic instructor, great pace, and awesome community support.",user_093,5,course-177,"Nov 01, 2022"
Highly recommended for anyone wanting to master this topic!,user_093,3,course-092,"Feb 16, 2021"
Practical and hands-on. Directly applicable to industry work.,user_093,4,course-125,"May 14, 2021"
Highly recommended for anyone wanting to master this topic!,user_094,4,course-045,"Mar 07, 2021"
Incredible course! Clear explanation of complex concepts.,user_094,5,course-162,"Apr 27, 2021"
Great depth of coverage and excellent reference reading material.,user_094,5,course-013,"Sep 23, 2022"
Great depth of coverage and excellent reference reading material.,user_094,4,course-232,"Jul 27, 2021"
Great depth of coverage and excellent reference reading material.,user_094,5,course-079,"May 06, 2023"
Practical and hands-on. Directly applicable to industry work.,user_094,5,course-211,"Feb 16, 2022"
Practical and hands-on. Directly applicable to industry work.,user_094,4,course-204,"Aug 13, 2022"
Comprehensive syllabus. Helped me transition into my new role.,user_094,5,course-025,"May 07, 2023"
The assignments and real-world projects were top notch.,user_094,5,course-117,"Feb 22, 2023"
The assignments and real-world projects were top notch.,user_094,3,course-157,"Dec 10, 2021"
Incredible course! Clear explanation of complex concepts.,user_095,5,course-031,"May 17, 2021"
Great depth of coverage and excellent reference reading material.,user_095,3,course-071,"Oct 10, 2022"
Great depth of coverage and excellent reference reading material.,user_095,5,course-037,"Jun 11, 2021"
"Fantastic instructor, great pace, and awesome community support.",user_095,3,course-194,"Mar 24, 2021"
The assignments and real-world projects were top notch.,user_095,3,course-107,"Aug 07, 2023"
Practical and hands-on. Directly applicable to industry work.,user_095,3,course-044,"Aug 31, 2022"
"Fantastic instructor, great pace, and awesome community support.",user_095,5,course-179,"Dec 12, 2022"
Great depth of coverage and excellent reference reading material.,user_095,5,course-095,"May 03, 2022"
The assignments and real-world projects were top notch.,user_095,5,course-142,"May 27, 2021"
Highly recommended for anyone wanting to master this topic!,user_095,5,course-043,"Apr 07, 2022"
The assignments and real-world projects were top notch.,user_095,5,course-113,"Sep 18, 2022"
Highly recommended for anyone wanting to master this topic!,user_095,5,course-063,"Jul 04, 2021"
The assignments and real-world projects were top notch.,user_096,5,course-157,"Oct 11, 2021"
Incredible course! Clear explanation of complex concepts.,user_096,3,course-244,"Mar 27, 2023"
Great depth of coverage and excellent reference reading material.,user_096,4,course-023,"Sep 19, 2023"
"Fantastic instructor, great pace, and awesome community support.",user_096,5,course-161,"Jun 30, 2021"
Incredible course! Clear explanation of complex concepts.,user_096,4,course-212,"Feb 25, 2021"
Comprehensive syllabus. Helped me transition into my new role.,user_096,5,course-201,"Aug 03, 2021"
Comprehensive syllabus. Helped me transition into my new role.,user_096,5,course-078,"Sep 24, 2022"
Great depth of coverage and excellent reference reading material.,user_096,5,course-090,"Apr 10, 2022"
Practical and hands-on. Directly applicable to industry work.,user_096,3,course-108,"Feb 23, 2021"
The assignments and real-world projects were top notch.,user_096,5,course-002,"Jun 11, 2021"
"Fantastic instructor, great pace, and awesome community support.",user_096,5,course-143,"Jun 12, 2022"
The assignments and real-world projects were top notch.,user_096,4,course-061,"Jan 09, 2023"
Highly recommended for anyone wanting to master this topic!,user_096,5,course-050,"Nov 30, 2021"
Practical and hands-on. Directly applicable to industry work.,user_096,5,course-031,"Nov 25, 2022"
The assignments and real-world projects were top notch.,user_096,5,course-136,"Mar 09, 2023"
The assignments and real-world projects were top notch.,user_096,4,course-025,"Apr 11, 2021"
"Fantastic instructor, great pace, and awesome community support.",user_096,4,course-159,"Jun 10, 2023"
The assignments and real-world projects were top notch.,user_096,4,course-093,"Mar 17, 2021"
"Fantastic instructor, great pace, and awesome community support.",user_096,5,course-221,"Feb 25, 2021"
The assignments and real-world projects were top notch.,user_096,5,course-195,"Aug 10, 2021"
"Fantastic instructor, great pace, and awesome community support.",user_096,5,course-139,"Jul 02, 2021"
The assignments and real-world projects were top notch.,user_096,4,course-130,"Apr 14, 2022"
Practical and hands-on. Directly applicable to industry work.,user_096,5,course-057,"Jan 03, 2022"
The assignments and real-world projects were top notch.,user_096,5,course-119,"Dec 10, 2021"
Practical and hands-on. Directly applicable to industry work.,user_096,4,course-198,"Aug 06, 2022"
Highly recommended for anyone wanting to master this topic!,user_097,5,course-072,"Jun 10, 2021"
Practical and hands-on. Directly applicable to industry work.,user_097,5,course-035,"Sep 03, 2023"
The assignments and real-world projects were top notch.,user_097,5,course-029,"Aug 15, 2022"
Great depth of coverage and excellent reference reading material.,user_097,5,course-219,"Aug 24, 2021"
Great depth of coverage and excellent reference reading material.,user_097,3,course-120,"Jun 19, 2022"
The assignments and real-world projects were top notch.,user_097,5,course-118,"Aug 29, 2022"
"Fantastic instructor, great pace, and awesome community support.",user_097,5,course-108,"Oct 13, 2021"
"Fantastic instructor, great pace, and awesome community support.",user_097,3,course-044,"Jan 24, 2023"
The assignments and real-world projects were top notch.,user_097,5,course-195,"Dec 02, 2021"
The assignments and real-world projects were top notch.,user_097,5,course-088,"Jul 03, 2023"
The assignments and real-world projects were top notch.,user_097,5,course-057,"Jul 25, 2023"
Great depth of coverage and excellent reference reading material.,user_098,4,course-107,"Mar 29, 2023"
Incredible course! Clear explanation of complex concepts.,user_098,5,course-012,"Apr 09, 2022"
Incredible course! Clear explanation of complex concepts.,user_098,5,course-011,"Jul 26, 2022"
Practical and hands-on. Directly applicable to industry work.,user_098,5,course-121,"Jan 20, 2023"
The assignments and real-world projects were top notch.,user_098,5,course-188,"May 16, 2021"
The assignments and real-world projects were top notch.,user_098,4,course-197,"Oct 26, 2022"
Incredible course! Clear explanation of complex concepts.,user_098,5,course-130,"May 07, 2022"
The assignments and real-world projects were top notch.,user_098,5,course-009,"Dec 22, 2022"
Highly recommended for anyone wanting to master this topic!,user_098,5,course-109,"Feb 05, 2023"
"Fantastic instructor, great pace, and awesome community support.",user_098,5,course-136,"Apr 20, 2022"
Highly recommended for anyone wanting to master this topic!,user_099,5,course-224,"Feb 03, 2021"
Great depth of coverage and excellent reference reading material.,user_099,4,course-181,"Oct 04, 2021"
Highly recommended for anyone wanting to master this topic!,user_099,5,course-104,"Jul 10, 2022"
The assignments and real-world projects were top notch.,user_099,5,course-048,"Mar 18, 2023"
Highly recommended for anyone wanting to master this topic!,user_099,5,course-203,"Jun 21, 2023"
Incredible course! Clear explanation of complex concepts.,user_099,4,course-095,"Jun 12, 2022"
Practical and hands-on. Directly applicable to industry work.,user_099,5,course-161,"Jan 08, 2022"
Incredible course! Clear explanation of complex concepts.,user_099,5,course-119,"Jan 28, 2022"
Highly recommended for anyone wanting to master this topic!,user_099,4,course-163,"Feb 11, 2021"
The assignments and real-world projects were top notch.,user_099,4,course-001,"Oct 26, 2022"
Incredible course! Clear explanation of complex concepts.,user_099,5,course-221,"Jul 29, 2022"
The assignments and real-world projects were top notch.,user_099,5,course-019,"May 22, 2021"
The assignments and real-world projects were top notch.,user_099,5,course-099,"Jul 07, 2022"
"Fantastic instructor, great pace, and awesome community support.",user_099,4,course-229,"Jan 26, 2023"
Highly recommended for anyone wanting to master this topic!,user_100,5,course-193,"Jun 24, 2022"
"Fantastic instructor, great pace, and awesome community support.",user_100,5,course-191,"Dec 28, 2022"
Great depth of coverage and excellent reference reading material.,user_100,5,course-195,"Jun 30, 2022"
"Fantastic instructor, great pace, and awesome community support.",user_100,5,course-058,"Sep 28, 2022"
Practical and hands-on. Directly applicable to industry work.,user_100,4,course-083,"Aug 27, 2023"
Incredible course! Clear explanation of complex concepts.,user_100,5,course-091,"Jul 12, 2021"
"Fantastic instructor, great pace, and awesome community support.",user_100,5,course-230,"Mar 31, 2021"
The assignments and real-world projects were top notch.,user_100,3,course-069,"Oct 23, 2021"
Incredible course! Clear explanation of complex concepts.,user_100,5,course-129,"Apr 22, 2021"
Incredible course! Clear explanation of complex concepts.,user_100,4,course-175,"Dec 15, 2022"
The assignments and real-world projects were top notch.,user_100,4,course-109,"Jun 15, 2023"
Practical and hands-on. Directly applicable to industry work.,user_100,4,course-071,"Jan 24, 2021"
Practical and hands-on. Directly applicable to industry work.,user_100,4,course-014,"Jul 09, 2022"
"Fantastic instructor, great pace, and awesome community support.",user_100,5,course-017,"Dec 22, 2021"
Practical and hands-on. Directly applicable to industry work.,user_100,5,course-096,"Oct 23, 2022"
The assignments and real-world projects were top notch.,user_100,3,course-089,"Mar 06, 2021"
Practical and hands-on. Directly applicable to industry work.,user_101,4,course-224,"Mar 17, 2023"
Highly recommended for anyone wanting to master this topic!,user_101,4,course-206,"Nov 13, 2022"
Great depth of coverage and excellent reference reading material.,user_101,5,course-060,"Jul 16, 2022"
Comprehensive syllabus. Helped me transition into my new role.,user_101,5,course-214,"Aug 04, 2022"
Great depth of coverage and excellent reference reading material.,user_101,4,course-243,"Nov 10, 2021"
Comprehensive syllabus. Helped me transition into my new role.,user_101,4,course-134,"Aug 21, 2021"
Comprehensive syllabus. Helped me transition into my new role.,user_101,5,course-166,"Feb 28, 2023"
The assignments and real-world projects were top notch.,user_101,5,course-086,"Dec 28, 2021"
The assignments and real-world projects were top notch.,user_101,4,course-106,"Sep 26, 2022"
Practical and hands-on. Directly applicable to industry work.,user_101,5,course-149,"Jul 03, 2022"
The assignments and real-world projects were top notch.,user_102,4,course-047,"Jul 30, 2022"
Practical and hands-on. Directly applicable to industry work.,user_102,5,course-250,"Nov 21, 2021"
The assignments and real-world projects were top notch.,user_102,5,course-045,"Jan 17, 2022"
The assignments and real-world projects were top notch.,user_102,5,course-215,"Jul 01, 2022"
Incredible course! Clear explanation of complex concepts.,user_102,4,course-182,"Feb 19, 2022"
Great depth of coverage and excellent reference reading material.,user_102,5,course-178,"May 29, 2021"
Comprehensive syllabus. Helped me transition into my new role.,user_102,5,course-232,"Jun 09, 2021"
Practical and hands-on. Directly applicable to industry work.,user_102,3,course-171,"Jul 14, 2022"
Comprehensive syllabus. Helped me transition into my new role.,user_102,5,course-204,"Oct 25, 2022"
"Fantastic instructor, great pace, and awesome community support.",user_102,5,course-040,"Jul 07, 2023"
Great depth of coverage and excellent reference reading material.,user_102,4,course-042,"Aug 11, 2022"
Great depth of coverage and excellent reference reading material.,user_102,5,course-061,"Aug 02, 2022"
"Fantastic instructor, great pace, and awesome community support.",user_102,5,course-030,"Dec 13, 2021"
Practical and hands-on. Directly applicable to industry work.,user_102,5,course-011,"May 06, 2022"
The assignments and real-world projects were top notch.,user_102,5,course-082,"Nov 26, 2022"
Comprehensive syllabus. Helped me transition into my new role.,user_102,5,course-148,"Jan 26, 2021"
Great depth of coverage and excellent reference reading material.,user_102,5,course-033,"Aug 14, 2021"
Incredible course! Clear explanation of complex concepts.,user_102,5,course-113,"Dec 01, 2021"
Practical and hands-on. Directly applicable to industry work.,user_102,3,course-067,"Jul 19, 2021"
Comprehensive syllabus. Helped me transition into my new role.,user_103,4,course-201,"Sep 10, 2022"
Incredible course! Clear explanation of complex concepts.,user_103,5,course-240,"Jul 20, 2023"
"Fantastic instructor, great pace, and awesome community support.",user_103,5,course-197,"Jun 01, 2021"
"Fantastic instructor, great pace, and awesome community support.",user_103,5,course-072,"Jan 14, 2022"
Incredible course! Clear explanation of complex concepts.,user_103,4,course-051,"Oct 19, 2021"
Comprehensive syllabus. Helped me transition into my new role.,user_103,4,course-006,"Sep 28, 2023"
Highly recommended for anyone wanting to master this topic!,user_103,5,course-022,"Mar 31, 2021"
"Fantastic instructor, great pace, and awesome community support.",user_103,4,course-138,"Jan 30, 2023"
Great depth of coverage and excellent reference reading material.,user_103,5,course-218,"Mar 30, 2022"
Great depth of coverage and excellent reference reading material.,user_103,4,course-115,"Jan 16, 2023"
"Fantastic instructor, great pace, and awesome community support.",user_103,5,course-174,"Jan 17, 2023"
The assignments and real-world projects were top notch.,user_103,5,course-172,"May 06, 2023"
Incredible course! Clear explanation of complex concepts.,user_103,5,course-246,"May 28, 2021"
"Fantastic instructor, great pace, and awesome community support.",user_103,4,course-023,"Jun 08, 2023"
Comprehensive syllabus. Helped me transition into my new role.,user_103,5,course-250,"Mar 09, 2021"
Highly recommended for anyone wanting to master this topic!,user_103,5,course-132,"Feb 14, 2023"
Incredible course! Clear explanation of complex concepts.,user_103,4,course-101,"Feb 24, 2022"
Great depth of coverage and excellent reference reading material.,user_104,5,course-107,"Aug 23, 2022"
Highly recommended for anyone wanting to master this topic!,user_104,4,course-045,"Jan 28, 2023"
Incredible course! Clear explanation of complex concepts.,user_104,5,course-143,"Mar 22, 2023"
Comprehensive syllabus. Helped me transition into my new role.,user_104,3,course-119,"Nov 04, 2021"
Great depth of coverage and excellent reference reading material.,user_104,5,course-182,"Oct 14, 2022"
Practical and hands-on. Directly applicable to industry work.,user_104,5,course-146,"Nov 13, 2022"
"Fantastic instructor, great pace, and awesome community support.",user_104,5,course-194,"Jul 03, 2021"
Practical and hands-on. Directly applicable to industry work.,user_104,5,course-235,"Oct 23, 2022"
Incredible course! Clear explanation of complex concepts.,user_104,4,course-036,"Feb 23, 2023"
Incredible course! Clear explanation of complex concepts.,user_104,4,course-052,"Sep 06, 2022"
Highly recommended for anyone wanting to master this topic!,user_104,5,course-048,"May 08, 2022"
Great depth of coverage and excellent reference reading material.,user_104,5,course-214,"Sep 22, 2021"
"Fantastic instructor, great pace, and awesome community support.",user_104,5,course-098,"Sep 25, 2023"
Incredible course! Clear explanation of complex concepts.,user_104,5,course-075,"Jan 18, 2022"
Highly recommended for anyone wanting to master this topic!,user_104,5,course-142,"Jan 18, 2021"
The assignments and real-world projects were top notch.,user_104,5,course-126,"Aug 19, 2022"
Comprehensive syllabus. Helped me transition into my new role.,user_104,3,course-011,"Apr 18, 2022"
The assignments and real-world projects were top notch.,user_104,5,course-211,"Jan 01, 2022"
Practical and hands-on. Directly applicable to industry work.,user_105,4,course-014,"Jul 07, 2021"
Highly recommended for anyone wanting to master this topic!,user_105,5,course-070,"Feb 10, 2023"
Comprehensive syllabus. Helped me transition into my new role.,user_105,4,course-093,"Jun 13, 2023"
Great depth of coverage and excellent reference reading material.,user_105,4,course-108,"Dec 03, 2022"
Comprehensive syllabus. Helped me transition into my new role.,user_105,5,course-163,"Dec 03, 2022"
Comprehensive syllabus. Helped me transition into my new role.,user_105,5,course-234,"Apr 09, 2021"
Comprehensive syllabus. Helped me transition into my new role.,user_105,5,course-245,"Apr 24, 2023"
The assignments and real-world projects were top notch.,user_105,4,course-092,"Jun 15, 2022"
Great depth of coverage and excellent reference reading material.,user_105,4,course-013,"May 12, 2022"
The assignments and real-world projects were top notch.,user_105,5,course-075,"Apr 15, 2021"
Highly recommended for anyone wanting to master this topic!,user_105,4,course-136,"Aug 15, 2021"
Great depth of coverage and excellent reference reading material.,user_105,5,course-164,"Jul 08, 2023"
Practical and hands-on. Directly applicable to industry work.,user_105,5,course-240,"May 02, 2023"
Great depth of coverage and excellent reference reading material.,user_105,5,course-020,"Jun 29, 2022"
Practical and hands-on. Directly applicable to industry work.,user_105,5,course-132,"Feb 14, 2023"
Great depth of coverage and excellent reference reading material.,user_106,4,course-107,"Mar 29, 2022"
Highly recommended for anyone wanting to master this topic!,user_106,5,course-118,"Jun 20, 2022"
Comprehensive syllabus. Helped me transition into my new role.,user_106,5,course-235,"Jun 26, 2021"
Incredible course! Clear explanation of complex concepts.,user_106,5,course-020,"Feb 02, 2023"
The assignments and real-world projects were top notch.,user_106,5,course-030,"May 12, 2021"
The assignments and real-world projects were top notch.,user_106,5,course-210,"Dec 06, 2022"
The assignments and real-world projects were top notch.,user_106,4,course-034,"Aug 03, 2021"
Incredible course! Clear explanation of complex concepts.,user_106,4,course-237,"Mar 12, 2022"
Great depth of coverage and excellent reference reading material.,user_106,5,course-005,"Apr 25, 2021"
Great depth of coverage and excellent reference reading material.,user_106,3,course-123,"May 11, 2022"
Incredible course! Clear explanation of complex concepts.,user_106,5,course-090,"Jul 21, 2021"
Great depth of coverage and excellent reference reading material.,user_106,4,course-080,"Nov 07, 2022"
Incredible course! Clear explanation of complex concepts.,user_106,5,course-177,"Apr 26, 2022"
The assignments and real-world projects were top notch.,user_107,4,course-233,"Jul 09, 2021"
Incredible course! Clear explanation of complex concepts.,user_107,5,course-065,"Apr 03, 2021"
Practical and hands-on. Directly applicable to industry work.,user_107,4,course-012,"Aug 23, 2023"
Highly recommended for anyone wanting to master this topic!,user_107,4,course-017,"Dec 23, 2021"
Great depth of coverage and excellent reference reading material.,user_107,4,course-078,"May 28, 2022"
Highly recommended for anyone wanting to master this topic!,user_107,5,course-171,"Sep 05, 2021"
Incredible course! Clear explanation of complex concepts.,user_107,5,course-003,"Apr 12, 2021"
Great depth of coverage and excellent reference reading material.,user_107,5,course-194,"Jan 15, 2021"
Practical and hands-on. Directly applicable to industry work.,user_107,5,course-025,"Jul 16, 2021"
The assignments and real-world projects were top notch.,user_107,5,course-201,"Jul 13, 2023"
Incredible course! Clear explanation of complex concepts.,user_107,5,course-032,"Sep 24, 2023"
The assignments and real-world projects were top notch.,user_107,5,course-236,"Aug 01, 2023"
Practical and hands-on. Directly applicable to industry work.,user_107,5,course-155,"May 02, 2022"
The assignments and real-world projects were top notch.,user_108,4,course-179,"May 23, 2022"
Practical and hands-on. Directly applicable to industry work.,user_108,5,course-151,"Oct 23, 2021"
Incredible course! Clear explanation of complex concepts.,user_108,5,course-048,"Mar 26, 2021"
Incredible course! Clear explanation of complex concepts.,user_108,4,course-113,"Jan 30, 2022"
Highly recommended for anyone wanting to master this topic!,user_108,4,course-173,"Jan 24, 2023"
Great depth of coverage and excellent reference reading material.,user_108,4,course-246,"Mar 31, 2022"
"Fantastic instructor, great pace, and awesome community support.",user_108,4,course-028,"Oct 25, 2021"
"Fantastic instructor, great pace, and awesome community support.",user_108,5,course-047,"Jul 13, 2021"
Great depth of coverage and excellent reference reading material.,user_108,5,course-214,"Apr 02, 2023"
Practical and hands-on. Directly applicable to industry work.,user_108,5,course-091,"Jan 12, 2022"
Practical and hands-on. Directly applicable to industry work.,user_108,4,course-098,"May 19, 2022"
"Fantastic instructor, great pace, and awesome community support.",user_108,5,course-109,"Mar 25, 2022"
Practical and hands-on. Directly applicable to industry work.,user_108,5,course-055,"Mar 29, 2021"
"Fantastic instructor, great pace, and awesome community support.",user_108,4,course-132,"Feb 15, 2022"
Incredible course! Clear explanation of complex concepts.,user_108,5,course-059,"Jan 30, 2023"
The assignments and real-world projects were top notch.,user_108,5,course-105,"Mar 08, 2021"
The assignments and real-world projects were top notch.,user_108,4,course-029,"Dec 13, 2021"
Great depth of coverage and excellent reference reading material.,user_108,4,course-195,"Feb 18, 2022"
Great depth of coverage and excellent reference reading material.,user_108,4,course-081,"Mar 11, 2022"
Comprehensive syllabus. Helped me transition into my new role.,user_108,5,course-032,"Feb 23, 2023"
Highly recommended for anyone wanting to master this topic!,user_108,5,course-120,"Aug 31, 2022"
Comprehensive syllabus. Helped me transition into my new role.,user_109,4,course-194,"May 17, 2022"
Practical and hands-on. Directly applicable to industry work.,user_109,5,course-203,"Aug 24, 2023"
Incredible course! Clear explanation of complex concepts.,user_109,4,course-206,"Jan 26, 2023"
Incredible course! Clear explanation of complex concepts.,user_109,3,course-165,"May 26, 2022"
The assignments and real-world projects were top notch.,user_109,5,course-242,"Jan 27, 2022"
Comprehensive syllabus. Helped me transition into my new role.,user_109,5,course-103,"Jun 06, 2021"
Highly recommended for anyone wanting to master this topic!,user_109,4,course-092,"Apr 09, 2021"
Practical and hands-on. Directly applicable to industry work.,user_109,5,course-122,"Feb 09, 2023"
"Fantastic instructor, great pace, and awesome community support.",user_109,5,course-171,"Mar 23, 2023"
Comprehensive syllabus. Helped me transition into my new role.,user_109,5,course-155,"Nov 09, 2022"
Highly recommended for anyone wanting to master this topic!,user_109,5,course-244,"Sep 25, 2021"
Great depth of coverage and excellent reference reading material.,user_109,5,course-104,"May 31, 2023"
Incredible course! Clear explanation of complex concepts.,user_109,5,course-125,"Sep 03, 2023"
"Fantastic instructor, great pace, and awesome community support.",user_109,5,course-131,"Jun 21, 2023"
"Fantastic instructor, great pace, and awesome community support.",user_109,5,course-072,"Apr 06, 2022"
"Fantastic instructor, great pace, and awesome community support.",user_109,4,course-038,"Mar 30, 2022"
Incredible course! Clear explanation of complex concepts.,user_109,5,course-197,"Jul 01, 2021"
Great depth of coverage and excellent reference reading material.,user_109,5,course-117,"Mar 10, 2023"
Highly recommended for anyone wanting to master this topic!,user_110,5,course-227,"May 25, 2023"
Incredible course! Clear explanation of complex concepts.,user_110,4,course-181,"Feb 05, 2022"
Highly recommended for anyone wanting to master this topic!,user_110,4,course-043,"Sep 22, 2023"
Practical and hands-on. Directly applicable to industry work.,user_110,4,course-126,"Dec 28, 2021"
Comprehensive syllabus. Helped me transition into my new role.,user_110,5,course-111,"Nov 25, 2021"
Highly recommended for anyone wanting to master this topic!,user_110,3,course-035,"Feb 16, 2021"
Comprehensive syllabus. Helped me transition into my new role.,user_110,4,course-080,"Dec 24, 2021"
Highly recommended for anyone wanting to master this topic!,user_110,5,course-184,"Jan 28, 2021"
Practical and hands-on. Directly applicable to industry work.,user_110,5,course-100,"Dec 16, 2021"
"Fantastic instructor, great pace, and awesome community support.",user_110,4,course-125,"Dec 20, 2021"
"Fantastic instructor, great pace, and awesome community support.",user_110,5,course-196,"Dec 26, 2021"
The assignments and real-world projects were top notch.,user_110,3,course-029,"Sep 11, 2021"
Comprehensive syllabus. Helped me transition into my new role.,user_110,4,course-146,"Aug 30, 2022"
Practical and hands-on. Directly applicable to industry work.,user_110,3,course-173,"Mar 09, 2021"
Incredible course! Clear explanation of complex concepts.,user_110,5,course-169,"Dec 12, 2021"
Highly recommended for anyone wanting to master this topic!,user_110,4,course-142,"Nov 30, 2021"
Practical and hands-on. Directly applicable to industry work.,user_110,3,course-176,"Jun 04, 2023"
Highly recommended for anyone wanting to master this topic!,user_110,5,course-139,"Jul 13, 2023"
Incredible course! Clear explanation of complex concepts.,user_110,5,course-147,"Dec 14, 2022"
"Fantastic instructor, great pace, and awesome community support.",user_111,4,course-151,"Jul 26, 2021"
Great depth of coverage and excellent reference reading material.,user_111,5,course-006,"Sep 25, 2023"
Great depth of coverage and excellent reference reading material.,user_111,5,course-082,"May 21, 2023"
Comprehensive syllabus. Helped me transition into my new role.,user_111,5,course-097,"Sep 29, 2021"
Highly recommended for anyone wanting to master this topic!,user_111,3,course-147,"Feb 16, 2022"
Highly recommended for anyone wanting to master this topic!,user_111,5,course-100,"Jan 31, 2023"
Practical and hands-on. Directly applicable to industry work.,user_111,5,course-083,"May 15, 2023"
Highly recommended for anyone wanting to master this topic!,user_111,5,course-246,"Dec 11, 2021"
Highly recommended for anyone wanting to master this topic!,user_111,4,course-026,"Apr 01, 2023"
"Fantastic instructor, great pace, and awesome community support.",user_111,5,course-207,"Aug 03, 2021"
Incredible course! Clear explanation of complex concepts.,user_111,4,course-126,"Oct 30, 2022"
Highly recommended for anyone wanting to master this topic!,user_111,5,course-242,"Apr 04, 2023"
Practical and hands-on. Directly applicable to industry work.,user_111,4,course-177,"Jul 07, 2022"
"Fantastic instructor, great pace, and awesome community support.",user_111,4,course-173,"Feb 16, 2022"
Highly recommended for anyone wanting to master this topic!,user_111,4,course-053,"Apr 10, 2022"
Highly recommended for anyone wanting to master this topic!,user_111,5,course-087,"Jul 04, 2021"
Practical and hands-on. Directly applicable to industry work.,user_111,5,course-128,"Dec 22, 2022"
The assignments and real-world projects were top notch.,user_111,5,course-129,"Aug 14, 2022"
Practical and hands-on. Directly applicable to industry work.,user_111,5,course-208,"Sep 13, 2023"
"Fantastic instructor, great pace, and awesome community support.",user_111,5,course-196,"Oct 02, 2021"
Highly recommended for anyone wanting to master this topic!,user_111,5,course-171,"Apr 09, 2023"
Great depth of coverage and excellent reference reading material.,user_111,5,course-235,"Jul 18, 2023"
Highly recommended for anyone wanting to master this topic!,user_111,5,course-043,"Jan 15, 2023"
Highly recommended for anyone wanting to master this topic!,user_111,5,course-158,"Jul 25, 2021"
The assignments and real-world projects were top notch.,user_111,4,course-077,"Sep 04, 2021"
Comprehensive syllabus. Helped me transition into my new role.,user_112,5,course-192,"Apr 24, 2023"
The assignments and real-world projects were top notch.,user_112,4,course-176,"Sep 20, 2021"
The assignments and real-world projects were top notch.,user_112,5,course-196,"Feb 20, 2022"
The assignments and real-world projects were top notch.,user_112,4,course-077,"Jul 16, 2021"
Great depth of coverage and excellent reference reading material.,user_112,3,course-217,"Apr 28, 2023"
"Fantastic instructor, great pace, and awesome community support.",user_112,4,course-112,"Jul 28, 2022"
"Fantastic instructor, great pace, and awesome community support.",user_112,5,course-106,"Oct 25, 2022"
The assignments and real-world projects were top notch.,user_112,5,course-082,"Jun 13, 2021"
Incredible course! Clear explanation of complex concepts.,user_112,4,course-221,"Sep 22, 2021"
Comprehensive syllabus. Helped me transition into my new role.,user_112,5,course-213,"Nov 06, 2022"
Practical and hands-on. Directly applicable to industry work.,user_112,5,course-234,"May 23, 2023"
Practical and hands-on. Directly applicable to industry work.,user_112,3,course-017,"May 13, 2022"
Incredible course! Clear explanation of complex concepts.,user_112,5,course-163,"May 31, 2023"
Comprehensive syllabus. Helped me transition into my new role.,user_112,5,course-053,"Sep 09, 2022"
Highly recommended for anyone wanting to master this topic!,user_113,5,course-222,"Aug 14, 2023"
Practical and hands-on. Directly applicable to industry work.,user_113,4,course-017,"Apr 29, 2023"
Great depth of coverage and excellent reference reading material.,user_113,5,course-231,"Aug 12, 2023"
"Fantastic instructor, great pace, and awesome community support.",user_113,5,course-245,"Jun 25, 2023"
Highly recommended for anyone wanting to master this topic!,user_113,3,course-105,"May 06, 2021"
Comprehensive syllabus. Helped me transition into my new role.,user_113,5,course-230,"Dec 04, 2021"
Practical and hands-on. Directly applicable to industry work.,user_113,5,course-094,"Feb 04, 2022"
Practical and hands-on. Directly applicable to industry work.,user_113,5,course-172,"Aug 30, 2021"
The assignments and real-world projects were top notch.,user_113,5,course-169,"May 28, 2021"
The assignments and real-world projects were top notch.,user_113,4,course-227,"Sep 21, 2023"
"Fantastic instructor, great pace, and awesome community support.",user_113,4,course-024,"Sep 18, 2021"
Incredible course! Clear explanation of complex concepts.,user_113,5,course-102,"May 18, 2022"
Practical and hands-on. Directly applicable to industry work.,user_113,5,course-242,"Aug 30, 2023"
Highly recommended for anyone wanting to master this topic!,user_113,4,course-215,"Mar 10, 2022"
The assignments and real-world projects were top notch.,user_113,5,course-186,"Sep 14, 2023"
Great depth of coverage and excellent reference reading material.,user_113,4,course-216,"Aug 18, 2023"
"Fantastic instructor, great pace, and awesome community support.",user_113,4,course-036,"Jan 03, 2023"
Comprehensive syllabus. Helped me transition into my new role.,user_113,4,course-061,"Jan 22, 2021"
Highly recommended for anyone wanting to master this topic!,user_113,5,course-029,"Feb 05, 2021"
Great depth of coverage and excellent reference reading material.,user_114,5,course-177,"Dec 03, 2022"
Great depth of coverage and excellent reference reading material.,user_114,4,course-235,"Aug 31, 2021"
"Fantastic instructor, great pace, and awesome community support.",user_114,5,course-202,"Jan 09, 2021"
"Fantastic instructor, great pace, and awesome community support.",user_114,5,course-172,"Aug 08, 2023"
Comprehensive syllabus. Helped me transition into my new role.,user_114,5,course-062,"Nov 05, 2021"
Great depth of coverage and excellent reference reading material.,user_114,3,course-065,"Feb 14, 2023"
The assignments and real-world projects were top notch.,user_114,4,course-142,"May 31, 2023"
"Fantastic instructor, great pace, and awesome community support.",user_114,5,course-099,"Oct 09, 2022"
Great depth of coverage and excellent reference reading material.,user_114,4,course-080,"Feb 25, 2023"
Great depth of coverage and excellent reference reading material.,user_114,5,course-164,"Feb 04, 2021"
Incredible course! Clear explanation of complex concepts.,user_114,4,course-246,"Apr 23, 2023"
Practical and hands-on. Directly applicable to industry work.,user_115,4,course-121,"Jan 29, 2021"
Practical and hands-on. Directly applicable to industry work.,user_115,5,course-189,"Oct 19, 2022"
"Fantastic instructor, great pace, and awesome community support.",user_115,4,course-106,"Mar 22, 2023"
Incredible course! Clear explanation of complex concepts.,user_115,5,course-238,"Feb 15, 2022"
Comprehensive syllabus. Helped me transition into my new role.,user_115,4,course-216,"Nov 18, 2021"
Incredible course! Clear explanation of complex concepts.,user_115,5,course-086,"Jun 11, 2021"
Practical and hands-on. Directly applicable to industry work.,user_115,4,course-184,"Sep 20, 2023"
Practical and hands-on. Directly applicable to industry work.,user_115,5,course-109,"Feb 21, 2023"
Highly recommended for anyone wanting to master this topic!,user_115,4,course-225,"Dec 04, 2022"
Comprehensive syllabus. Helped me transition into my new role.,user_115,5,course-236,"Apr 08, 2022"
Practical and hands-on. Directly applicable to industry work.,user_115,5,course-210,"May 17, 2021"
Practical and hands-on. Directly applicable to industry work.,user_115,4,course-026,"Aug 31, 2022"
Great depth of coverage and excellent reference reading material.,user_115,5,course-212,"Oct 16, 2021"
"Fantastic instructor, great pace, and awesome community support.",user_115,4,course-042,"Jan 12, 2022"
"Fantastic instructor, great pace, and awesome community support.",user_115,4,course-179,"Aug 26, 2023"
Highly recommended for anyone wanting to master this topic!,user_115,5,course-067,"Aug 18, 2021"
Incredible course! Clear explanation of complex concepts.,user_115,3,course-130,"Aug 04, 2023"
Highly recommended for anyone wanting to master this topic!,user_115,5,course-017,"Oct 04, 2022"
Incredible course! Clear explanation of complex concepts.,user_115,4,course-091,"Sep 25, 2023"
Comprehensive syllabus. Helped me transition into my new role.,user_115,5,course-108,"Dec 20, 2022"
Incredible course! Clear explanation of complex concepts.,user_115,5,course-155,"Feb 15, 2022"
Highly recommended for anyone wanting to master this topic!,user_115,5,course-187,"Sep 24, 2021"
Comprehensive syllabus. Helped me transition into my new role.,user_115,4,course-209,"Jun 24, 2021"
Incredible course! Clear explanation of complex concepts.,user_115,5,course-141,"Jan 15, 2021"
"Fantastic instructor, great pace, and awesome community support.",user_115,5,course-249,"Mar 03, 2023"
The assignments and real-world projects were top notch.,user_116,5,course-212,"Mar 05, 2022"
Great depth of coverage and excellent reference reading material.,user_116,4,course-173,"May 30, 2021"
Comprehensive syllabus. Helped me transition into my new role.,user_116,3,course-127,"Aug 30, 2021"
The assignments and real-world projects were top notch.,user_116,5,course-031,"Jan 14, 2022"
Practical and hands-on. Directly applicable to industry work.,user_116,5,course-058,"Apr 15, 2022"
"Fantastic instructor, great pace, and awesome community support.",user_116,3,course-183,"May 17, 2021"
Practical and hands-on. Directly applicable to industry work.,user_116,5,course-053,"Feb 12, 2022"
Practical and hands-on. Directly applicable to industry work.,user_116,5,course-049,"Jan 28, 2022"
Practical and hands-on. Directly applicable to industry work.,user_116,5,course-221,"Sep 04, 2022"
Incredible course! Clear explanation of complex concepts.,user_116,4,course-209,"Jul 25, 2022"
Comprehensive syllabus. Helped me transition into my new role.,user_116,3,course-201,"Aug 12, 2023"
Comprehensive syllabus. Helped me transition into my new role.,user_116,4,course-069,"Sep 13, 2022"
Great depth of coverage and excellent reference reading material.,user_116,5,course-074,"Sep 05, 2022"
Great depth of coverage and excellent reference reading material.,user_116,5,course-192,"Feb 16, 2021"
Highly recommended for anyone wanting to master this topic!,user_116,3,course-248,"Sep 27, 2022"
"Fantastic instructor, great pace, and awesome community support.",user_116,4,course-098,"Nov 19, 2022"
Highly recommended for anyone wanting to master this topic!,user_116,4,course-034,"Feb 12, 2021"
Comprehensive syllabus. Helped me transition into my new role.,user_116,5,course-111,"Jun 23, 2021"
Comprehensive syllabus. Helped me transition into my new role.,user_116,5,course-220,"Jun 18, 2023"
Incredible course! Clear explanation of complex concepts.,user_116,5,course-244,"Nov 21, 2021"
"Fantastic instructor, great pace, and awesome community support.",user_116,5,course-154,"May 26, 2021"
Comprehensive syllabus. Helped me transition into my new role.,user_116,4,course-056,"Feb 15, 2021"
"Fantastic instructor, great pace, and awesome community support.",user_116,5,course-211,"Jun 12, 2023"
Comprehensive syllabus. Helped me transition into my new role.,user_116,5,course-073,"Feb 05, 2023"
Practical and hands-on. Directly applicable to industry work.,user_117,5,course-238,"Mar 29, 2023"
The assignments and real-world projects were top notch.,user_117,5,course-111,"Jun 02, 2021"
The assignments and real-world projects were top notch.,user_117,3,course-073,"Feb 06, 2021"
The assignments and real-world projects were top notch.,user_117,5,course-232,"Dec 24, 2022"
Incredible course! Clear explanation of complex concepts.,user_117,5,course-225,"Jul 06, 2023"
Incredible course! Clear explanation of complex concepts.,user_117,5,course-068,"Mar 29, 2022"
Practical and hands-on. Directly applicable to industry work.,user_117,4,course-157,"Jul 29, 2022"
"Fantastic instructor, great pace, and awesome community support.",user_117,5,course-213,"Apr 26, 2021"
Great depth of coverage and excellent reference reading material.,user_117,5,course-195,"Jun 01, 2021"
Incredible course! Clear explanation of complex concepts.,user_117,4,course-133,"Jul 28, 2021"
The assignments and real-world projects were top notch.,user_117,5,course-081,"May 05, 2023"
Highly recommended for anyone wanting to master this topic!,user_117,4,course-112,"Apr 23, 2023"
Practical and hands-on. Directly applicable to industry work.,user_117,4,course-229,"Aug 23, 2022"
Incredible course! Clear explanation of complex concepts.,user_117,4,course-043,"Jun 23, 2022"
The assignments and real-world projects were top notch.,user_117,5,course-189,"Mar 03, 2022"
The assignments and real-world projects were top notch.,user_117,5,course-126,"Feb 26, 2023"
Incredible course! Clear explanation of complex concepts.,user_117,5,course-196,"Jun 28, 2023"
Comprehensive syllabus. Helped me transition into my new role.,user_117,4,course-244,"Nov 29, 2022"
Incredible course! Clear explanation of complex concepts.,user_117,5,course-039,"Feb 08, 2022"
Incredible course! Clear explanation of complex concepts.,user_117,4,course-143,"May 08, 2023"
Incredible course! Clear explanation of complex concepts.,user_117,4,course-219,"Mar 25, 2021"
Comprehensive syllabus. Helped me transition into my new role.,user_118,5,course-213,"Nov 27, 2021"
Practical and hands-on. Directly applicable to industry work.,user_118,5,course-182,"Mar 14, 2021"
Highly recommended for anyone wanting to master this topic!,user_118,5,course-169,"Jan 26, 2022"
Comprehensive syllabus. Helped me transition into my new role.,user_118,3,course-123,"Jul 02, 2021"
Great depth of coverage and excellent reference reading material.,user_118,4,course-117,"Jun 06, 2023"
Incredible course! Clear explanation of complex concepts.,user_118,4,course-161,"May 23, 2023"
"Fantastic instructor, great pace, and awesome community support.",user_118,4,course-069,"Mar 10, 2023"
Practical and hands-on. Directly applicable to industry work.,user_118,5,course-153,"Feb 10, 2023"
The assignments and real-world projects were top notch.,user_118,5,course-248,"May 04, 2021"
Great depth of coverage and excellent reference reading material.,user_118,4,course-002,"Mar 19, 2022"
Comprehensive syllabus. Helped me transition into my new role.,user_118,5,course-085,"Jul 15, 2023"
The assignments and real-world projects were top notch.,user_118,5,course-012,"Jan 03, 2022"
Great depth of coverage and excellent reference reading material.,user_118,5,course-168,"Jan 12, 2022"
"Fantastic instructor, great pace, and awesome community support.",user_118,5,course-160,"Apr 02, 2022"
"Fantastic instructor, great pace, and awesome community support.",user_118,5,course-116,"Oct 02, 2021"
"Fantastic instructor, great pace, and awesome community support.",user_118,5,course-084,"Apr 03, 2021"
Great depth of coverage and excellent reference reading material.,user_118,5,course-188,"Jan 13, 2022"
"Fantastic instructor, great pace, and awesome community support.",user_118,5,course-234,"Oct 08, 2022"
Incredible course! Clear explanation of complex concepts.,user_118,5,course-205,"Jun 10, 2022"
"Fantastic instructor, great pace, and awesome community support.",user_118,4,course-146,"Nov 24, 2022"
Practical and hands-on. Directly applicable to industry work.,user_118,4,course-034,"Jan 01, 2023"
"Fantastic instructor, great pace, and awesome community support.",user_118,4,course-055,"Jun 24, 2022"
Highly recommended for anyone wanting to master this topic!,user_118,5,course-221,"Mar 27, 2021"
"Fantastic instructor, great pace, and awesome community support.",user_118,4,course-013,"Mar 23, 2021"
Great depth of coverage and excellent reference reading material.,user_119,5,course-077,"Sep 17, 2021"
Highly recommended for anyone wanting to master this topic!,user_119,4,course-039,"Mar 25, 2021"
Incredible course! Clear explanation of complex concepts.,user_119,5,course-033,"Apr 27, 2021"
"Fantastic instructor, great pace, and awesome community support.",user_119,5,course-176,"Jul 03, 2021"
Great depth of coverage and excellent reference reading material.,user_119,5,course-232,"Feb 07, 2022"
"Fantastic instructor, great pace, and awesome community support.",user_119,3,course-250,"Jun 17, 2023"
Comprehensive syllabus. Helped me transition into my new role.,user_119,5,course-216,"Aug 25, 2022"
Great depth of coverage and excellent reference reading material.,user_119,5,course-064,"Nov 18, 2022"
Great depth of coverage and excellent reference reading material.,user_119,5,course-134,"Sep 29, 2021"
Great depth of coverage and excellent reference reading material.,user_119,4,course-110,"Apr 10, 2023"
The assignments and real-world projects were top notch.,user_119,4,course-076,"Mar 22, 2021"
Highly recommended for anyone wanting to master this topic!,user_119,5,course-146,"Sep 23, 2021"
Incredible course! Clear explanation of complex concepts.,user_119,5,course-013,"Mar 21, 2022"
Incredible course! Clear explanation of complex concepts.,user_119,5,course-142,"Feb 09, 2022"
The assignments and real-world projects were top notch.,user_119,4,course-020,"Nov 03, 2022"
Practical and hands-on. Directly applicable to industry work.,user_119,5,course-235,"Feb 19, 2022"
Practical and hands-on. Directly applicable to industry work.,user_119,5,course-012,"Sep 09, 2022"
Comprehensive syllabus. Helped me transition into my new role.,user_119,5,course-132,"Sep 26, 2022"
Highly recommended for anyone wanting to master this topic!,user_119,5,course-028,"Jan 05, 2022"
Practical and hands-on. Directly applicable to industry work.,user_119,5,course-131,"Nov 23, 2022"
Comprehensive syllabus. Helped me transition into my new role.,user_119,4,course-109,"Mar 31, 2021"
Incredible course! Clear explanation of complex concepts.,user_119,4,course-106,"Jul 15, 2021"
Incredible course! Clear explanation of complex concepts.,user_119,4,course-025,"Dec 14, 2022"
Great depth of coverage and excellent reference reading material.,user_119,5,course-119,"Jan 28, 2021"
Practical and hands-on. Directly applicable to industry work.,user_119,4,course-170,"May 29, 2021"
Practical and hands-on. Directly applicable to industry work.,user_120,5,course-112,"Dec 21, 2022"
"Fantastic instructor, great pace, and awesome community support.",user_120,5,course-216,"Apr 28, 2022"
"Fantastic instructor, great pace, and awesome community support.",user_120,3,course-161,"Aug 23, 2022"
Comprehensive syllabus. Helped me transition into my new role.,user_120,4,course-220,"Aug 07, 2022"
"Fantastic instructor, great pace, and awesome community support.",user_120,5,course-203,"Feb 22, 2021"
Incredible course! Clear explanation of complex concepts.,user_120,4,course-138,"Oct 08, 2022"
"Fantastic instructor, great pace, and awesome community support.",user_120,5,course-049,"Mar 02, 2022"
Practical and hands-on. Directly applicable to industry work.,user_120,5,course-023,"Aug 16, 2022"
Highly recommended for anyone wanting to master this topic!,user_120,5,course-078,"Oct 25, 2021"
"Fantastic instructor, great pace, and awesome community support.",user_120,3,course-198,"May 13, 2022"
Practical and hands-on. Directly applicable to industry work.,user_120,5,course-119,"Sep 19, 2022"
Great depth of coverage and excellent reference reading material.,user_120,5,course-038,"Jun 08, 2023"
Practical and hands-on. Directly applicable to industry work.,user_120,5,course-122,"Mar 04, 2021"
"Fantastic instructor, great pace, and awesome community support.",user_120,5,course-109,"Aug 14, 2022"
Incredible course! Clear explanation of complex concepts.,user_120,4,course-006,"Oct 02, 2021"
"Fantastic instructor, great pace, and awesome community support.",user_120,5,course-030,"Jun 30, 2023"
"Fantastic instructor, great pace, and awesome community support.",user_120,5,course-043,"Sep 30, 2022"
Practical and hands-on. Directly applicable to industry work.,user_121,5,course-115,"Apr 25, 2022"
Comprehensive syllabus. Helped me transition into my new role.,user_121,4,course-179,"Jan 11, 2023"
"Fantastic instructor, great pace, and awesome community support.",user_121,5,course-112,"May 04, 2023"
Practical and hands-on. Directly applicable to industry work.,user_121,5,course-006,"Jan 23, 2023"
"Fantastic instructor, great pace, and awesome community support.",user_121,4,course-042,"Mar 30, 2023"
The assignments and real-world projects were top notch.,user_121,5,course-074,"Sep 29, 2022"
Practical and hands-on. Directly applicable to industry work.,user_121,4,course-186,"Feb 07, 2023"
"Fantastic instructor, great pace, and awesome community support.",user_121,3,course-050,"May 13, 2021"
The assignments and real-world projects were top notch.,user_121,4,course-121,"Sep 13, 2022"
Great depth of coverage and excellent reference reading material.,user_121,5,course-089,"Mar 02, 2022"
"Fantastic instructor, great pace, and awesome community support.",user_121,5,course-113,"Nov 07, 2021"
Highly recommended for anyone wanting to master this topic!,user_121,4,course-060,"Feb 18, 2021"
Comprehensive syllabus. Helped me transition into my new role.,user_121,5,course-130,"Jun 22, 2023"
Practical and hands-on. Directly applicable to industry work.,user_121,4,course-057,"Jun 12, 2021"
Great depth of coverage and excellent reference reading material.,user_121,4,course-151,"Jul 05, 2023"
Great depth of coverage and excellent reference reading material.,user_121,5,course-233,"Mar 07, 2021"
Incredible course! Clear explanation of complex concepts.,user_121,4,course-176,"Sep 25, 2022"
Highly recommended for anyone wanting to master this topic!,user_121,4,course-087,"Aug 18, 2021"
Comprehensive syllabus. Helped me transition into my new role.,user_121,5,course-236,"Mar 15, 2023"
Incredible course! Clear explanation of complex concepts.,user_121,4,course-155,"Feb 28, 2023"
Comprehensive syllabus. Helped me transition into my new role.,user_121,5,course-219,"Jul 07, 2023"
Great depth of coverage and excellent reference reading material.,user_122,5,course-219,"Apr 24, 2021"
Great depth of coverage and excellent reference reading material.,user_122,5,course-177,"Sep 18, 2022"
Great depth of coverage and excellent reference reading material.,user_122,5,course-224,"Aug 29, 2023"
Highly recommended for anyone wanting to master this topic!,user_122,4,course-132,"Feb 12, 2021"
The assignments and real-world projects were top notch.,user_122,5,course-155,"Oct 08, 2022"
The assignments and real-world projects were top notch.,user_122,4,course-172,"Jul 22, 2023"
Practical and hands-on. Directly applicable to industry work.,user_122,4,course-027,"Oct 27, 2021"
Great depth of coverage and excellent reference reading material.,user_122,5,course-181,"Jun 03, 2022"
Great depth of coverage and excellent reference reading material.,user_122,5,course-013,"Apr 12, 2021"
Comprehensive syllabus. Helped me transition into my new role.,user_122,4,course-238,"Dec 09, 2021"
Incredible course! Clear explanation of complex concepts.,user_122,5,course-243,"May 19, 2023"
"Fantastic instructor, great pace, and awesome community support.",user_122,4,course-113,"Feb 27, 2023"
The assignments and real-world projects were top notch.,user_122,5,course-205,"May 05, 2023"
Comprehensive syllabus. Helped me transition into my new role.,user_122,5,course-118,"Oct 21, 2021"
Great depth of coverage and excellent reference reading material.,user_123,4,course-022,"Mar 16, 2022"
"Fantastic instructor, great pace, and awesome community support.",user_123,5,course-069,"Jul 09, 2023"
Great depth of coverage and excellent reference reading material.,user_123,5,course-096,"Jun 13, 2022"
Comprehensive syllabus. Helped me transition into my new role.,user_123,5,course-184,"Aug 25, 2023"
The assignments and real-world projects were top notch.,user_123,3,course-194,"Feb 28, 2023"
Great depth of coverage and excellent reference reading material.,user_123,3,course-107,"Jun 14, 2022"
Incredible course! Clear explanation of complex concepts.,user_123,5,course-093,"Dec 13, 2021"
Great depth of coverage and excellent reference reading material.,user_123,4,course-162,"Jun 18, 2021"
"Fantastic instructor, great pace, and awesome community support.",user_123,5,course-171,"Feb 17, 2023"
Practical and hands-on. Directly applicable to industry work.,user_123,3,course-063,"Jun 04, 2021"
Incredible course! Clear explanation of complex concepts.,user_123,5,course-039,"Oct 09, 2022"
Great depth of coverage and excellent reference reading material.,user_123,5,course-193,"Nov 08, 2022"
Comprehensive syllabus. Helped me transition into my new role.,user_123,5,course-136,"Mar 06, 2022"
Practical and hands-on. Directly applicable to industry work.,user_123,5,course-108,"Dec 19, 2022"
Comprehensive syllabus. Helped me transition into my new role.,user_123,5,course-202,"Jan 09, 2023"
Practical and hands-on. Directly applicable to industry work.,user_124,5,course-233,"Dec 20, 2021"
Great depth of coverage and excellent reference reading material.,user_124,5,course-089,"Oct 27, 2022"
The assignments and real-world projects were top notch.,user_124,5,course-003,"Jun 22, 2023"
Incredible course! Clear explanation of complex concepts.,user_124,4,course-212,"Jul 05, 2022"
Practical and hands-on. Directly applicable to industry work.,user_124,4,course-072,"Jan 07, 2023"
The assignments and real-world projects were top notch.,user_124,5,course-231,"Jun 17, 2022"
Comprehensive syllabus. Helped me transition into my new role.,user_124,5,course-136,"Aug 07, 2021"
Highly recommended for anyone wanting to master this topic!,user_124,3,course-157,"Nov 16, 2021"
Great depth of coverage and excellent reference reading material.,user_124,5,course-236,"Oct 13, 2022"
Incredible course! Clear explanation of complex concepts.,user_124,4,course-038,"Jul 01, 2023"
Highly recommended for anyone wanting to master this topic!,user_124,5,course-180,"Sep 22, 2021"
Great depth of coverage and excellent reference reading material.,user_124,4,course-104,"Nov 08, 2021"
Highly recommended for anyone wanting to master this topic!,user_124,5,course-115,"Apr 24, 2021"
Great depth of coverage and excellent reference reading material.,user_124,5,course-165,"Jan 17, 2022"
Highly recommended for anyone wanting to master this topic!,user_124,4,course-053,"Dec 29, 2021"
Great depth of coverage and excellent reference reading material.,user_124,4,course-228,"Oct 29, 2022"
"Fantastic instructor, great pace, and awesome community support.",user_124,5,course-140,"Nov 02, 2021"
Incredible course! Clear explanation of complex concepts.,user_124,5,course-160,"Apr 10, 2022"
The assignments and real-world projects were top notch.,user_124,4,course-202,"Apr 05, 2023"
Highly recommended for anyone wanting to master this topic!,user_124,5,course-159,"Aug 03, 2022"
The assignments and real-world projects were top notch.,user_125,5,course-090,"Apr 23, 2023"
"Fantastic instructor, great pace, and awesome community support.",user_125,5,course-077,"Apr 11, 2021"
"Fantastic instructor, great pace, and awesome community support.",user_125,4,course-073,"Apr 29, 2023"
Incredible course! Clear explanation of complex concepts.,user_125,5,course-171,"Mar 05, 2021"
The assignments and real-world projects were top notch.,user_125,5,course-201,"May 03, 2022"
Incredible course! Clear explanation of complex concepts.,user_125,4,course-209,"Jan 14, 2022"
"Fantastic instructor, great pace, and awesome community support.",user_125,5,course-184,"Aug 26, 2022"
Great depth of coverage and excellent reference reading material.,user_125,5,course-147,"Feb 09, 2022"
Highly recommended for anyone wanting to master this topic!,user_125,5,course-173,"May 26, 2022"
"Fantastic instructor, great pace, and awesome community support.",user_125,5,course-036,"Dec 07, 2022"
"Fantastic instructor, great pace, and awesome community support.",user_125,5,course-183,"Jan 20, 2023"
Great depth of coverage and excellent reference reading material.,user_125,5,course-097,"Jun 16, 2021"
The assignments and real-world projects were top notch.,user_125,4,course-134,"May 12, 2022"
The assignments and real-world projects were top notch.,user_125,5,course-189,"Sep 19, 2023"
Great depth of coverage and excellent reference reading material.,user_125,5,course-064,"Jun 26, 2022"
The assignments and real-world projects were top notch.,user_125,4,course-027,"Apr 12, 2022"
Practical and hands-on. Directly applicable to industry work.,user_125,5,course-084,"Jun 10, 2021"
Highly recommended for anyone wanting to master this topic!,user_126,4,course-236,"Mar 08, 2022"
Comprehensive syllabus. Helped me transition into my new role.,user_126,3,course-244,"Jun 30, 2023"
The assignments and real-world projects were top notch.,user_126,4,course-031,"Apr 19, 2023"
Incredible course! Clear explanation of complex concepts.,user_126,5,course-155,"May 06, 2021"
Incredible course! Clear explanation of complex concepts.,user_126,5,course-219,"Jun 11, 2023"
"Fantastic instructor, great pace, and awesome community support.",user_126,3,course-105,"Aug 10, 2022"
"Fantastic instructor, great pace, and awesome community support.",user_126,4,course-029,"Jul 11, 2023"
"Fantastic instructor, great pace, and awesome community support.",user_126,4,course-095,"May 02, 2022"
Great depth of coverage and excellent reference reading material.,user_126,5,course-147,"Sep 13, 2022"
The assignments and real-world projects were top notch.,user_126,4,course-075,"Jun 01, 2022"
Great depth of coverage and excellent reference reading material.,user_126,5,course-011,"Apr 06, 2022"
The assignments and real-world projects were top notch.,user_126,5,course-134,"Jun 07, 2023"
Incredible course! Clear explanation of complex concepts.,user_126,5,course-040,"Mar 31, 2023"
Highly recommended for anyone wanting to master this topic!,user_126,5,course-096,"Feb 24, 2022"
"Fantastic instructor, great pace, and awesome community support.",user_126,4,course-079,"Dec 14, 2021"
Practical and hands-on. Directly applicable to industry work.,user_126,5,course-078,"Jul 01, 2023"
Comprehensive syllabus. Helped me transition into my new role.,user_126,5,course-076,"Oct 24, 2022"
The assignments and real-world projects were top notch.,user_126,3,course-125,"Dec 26, 2022"
Practical and hands-on. Directly applicable to industry work.,user_126,3,course-008,"Mar 27, 2023"
Comprehensive syllabus. Helped me transition into my new role.,user_126,5,course-203,"Jul 29, 2022"
Practical and hands-on. Directly applicable to industry work.,user_126,5,course-037,"Jul 27, 2022"
Incredible course! Clear explanation of complex concepts.,user_127,5,course-050,"May 04, 2021"
Highly recommended for anyone wanting to master this topic!,user_127,5,course-245,"Jul 04, 2021"
Comprehensive syllabus. Helped me transition into my new role.,user_127,5,course-159,"Mar 17, 2023"
Great depth of coverage and excellent reference reading material.,user_127,4,course-139,"Dec 24, 2022"
Highly recommended for anyone wanting to master this topic!,user_127,5,course-148,"Mar 31, 2022"
Highly recommended for anyone wanting to master this topic!,user_127,3,course-194,"Sep 14, 2022"
Highly recommended for anyone wanting to master this topic!,user_127,4,course-014,"Feb 16, 2021"
Incredible course! Clear explanation of complex concepts.,user_127,5,course-246,"Dec 15, 2021"
"Fantastic instructor, great pace, and awesome community support.",user_127,5,course-146,"Jan 25, 2021"
Comprehensive syllabus. Helped me transition into my new role.,user_127,5,course-134,"Jan 27, 2022"
Incredible course! Clear explanation of complex concepts.,user_127,4,course-049,"Apr 12, 2021"
Comprehensive syllabus. Helped me transition into my new role.,user_127,5,course-193,"May 28, 2021"
Comprehensive syllabus. Helped me transition into my new role.,user_128,5,course-066,"Feb 04, 2022"
The assignments and real-world projects were top notch.,user_128,3,course-197,"Feb 27, 2022"
Comprehensive syllabus. Helped me transition into my new role.,user_128,5,course-023,"Jan 20, 2022"
Incredible course! Clear explanation of complex concepts.,user_128,5,course-040,"Feb 23, 2021"
Great depth of coverage and excellent reference reading material.,user_128,4,course-079,"Sep 04, 2022"
"Fantastic instructor, great pace, and awesome community support.",user_128,5,course-244,"Jun 05, 2022"
"Fantastic instructor, great pace, and awesome community support.",user_128,5,course-105,"Aug 31, 2023"
Incredible course! Clear explanation of complex concepts.,user_128,4,course-174,"Nov 22, 2021"
"Fantastic instructor, great pace, and awesome community support.",user_128,5,course-044,"Mar 09, 2021"
"Fantastic instructor, great pace, and awesome community support.",user_128,5,course-016,"Oct 11, 2022"
Incredible course! Clear explanation of complex concepts.,user_128,4,course-158,"Oct 03, 2021"
Highly recommended for anyone wanting to master this topic!,user_128,5,course-247,"Nov 23, 2022"
Great depth of coverage and excellent reference reading material.,user_128,4,course-084,"Jul 23, 2022"
The assignments and real-world projects were top notch.,user_128,5,course-047,"Nov 08, 2021"
"Fantastic instructor, great pace, and awesome community support.",user_128,5,course-007,"Mar 27, 2021"
Great depth of coverage and excellent reference reading material.,user_129,5,course-201,"Sep 28, 2022"
The assignments and real-world projects were top notch.,user_129,4,course-248,"Jan 01, 2021"
"Fantastic instructor, great pace, and awesome community support.",user_129,3,course-037,"Oct 07, 2021"
Great depth of coverage and excellent reference reading material.,user_129,5,course-096,"Nov 28, 2022"
Comprehensive syllabus. Helped me transition into my new role.,user_129,4,course-139,"May 13, 2023"
Highly recommended for anyone wanting to master this topic!,user_129,5,course-044,"May 11, 2023"
Incredible course! Clear explanation of complex concepts.,user_129,5,course-063,"Jun 15, 2021"
Highly recommended for anyone wanting to master this topic!,user_129,5,course-138,"Mar 13, 2021"
"Fantastic instructor, great pace, and awesome community support.",user_129,4,course-244,"Dec 17, 2022"
The assignments and real-world projects were top notch.,user_129,4,course-109,"Jan 13, 2023"
Comprehensive syllabus. Helped me transition into my new role.,user_129,5,course-247,"Jun 19, 2023"
Highly recommended for anyone wanting to master this topic!,user_129,5,course-234,"Jun 01, 2022"
Comprehensive syllabus. Helped me transition into my new role.,user_129,5,course-143,"Jun 25, 2023"
Comprehensive syllabus. Helped me transition into my new role.,user_129,5,course-116,"Oct 13, 2022"
Great depth of coverage and excellent reference reading material.,user_129,4,course-011,"Dec 26, 2022"
The assignments and real-world projects were top notch.,user_129,5,course-001,"Nov 10, 2022"
Practical and hands-on. Directly applicable to industry work.,user_130,5,course-088,"Dec 22, 2022"
"Fantastic instructor, great pace, and awesome community support.",user_130,5,course-054,"Jul 06, 2022"
Practical and hands-on. Directly applicable to industry work.,user_130,3,course-118,"Oct 29, 2022"
Incredible course! Clear explanation of complex concepts.,user_130,3,course-246,"Jul 03, 2023"
Practical and hands-on. Directly applicable to industry work.,user_130,5,course-154,"Apr 01, 2022"
Comprehensive syllabus. Helped me transition into my new role.,user_130,5,course-085,"Sep 23, 2023"
Great depth of coverage and excellent reference reading material.,user_130,5,course-005,"Sep 08, 2022"
The assignments and real-world projects were top notch.,user_130,4,course-234,"May 10, 2023"
Practical and hands-on. Directly applicable to industry work.,user_130,5,course-178,"Jan 09, 2021"
Comprehensive syllabus. Helped me transition into my new role.,user_130,4,course-035,"Aug 17, 2023"
Incredible course! Clear explanation of complex concepts.,user_130,4,course-166,"Aug 15, 2021"
Great depth of coverage and excellent reference reading material.,user_130,5,course-237,"Oct 15, 2021"
Practical and hands-on. Directly applicable to industry work.,user_130,5,course-001,"Jan 02, 2022"
Great depth of coverage and excellent reference reading material.,user_130,4,course-156,"Sep 21, 2022"
Great depth of coverage and excellent reference reading material.,user_130,5,course-122,"Jan 06, 2023"
"Fantastic instructor, great pace, and awesome community support.",user_130,4,course-002,"Sep 18, 2023"
Comprehensive syllabus. Helped me transition into my new role.,user_130,4,course-231,"May 20, 2022"
Practical and hands-on. Directly applicable to industry work.,user_130,5,course-003,"Sep 13, 2022"
The assignments and real-world projects were top notch.,user_130,4,course-173,"Apr 21, 2023"
Incredible course! Clear explanation of complex concepts.,user_130,5,course-045,"Jun 10, 2023"
Great depth of coverage and excellent reference reading material.,user_131,5,course-146,"Aug 22, 2021"
Practical and hands-on. Directly applicable to industry work.,user_131,5,course-129,"Mar 13, 2023"
Great depth of coverage and excellent reference reading material.,user_131,4,course-127,"Nov 26, 2022"
Practical and hands-on. Directly applicable to industry work.,user_131,3,course-044,"Nov 26, 2022"
Comprehensive syllabus. Helped me transition into my new role.,user_131,5,course-142,"Nov 29, 2022"
"Fantastic instructor, great pace, and awesome community support.",user_131,5,course-050,"Jan 03, 2021"
Practical and hands-on. Directly applicable to industry work.,user_131,5,course-169,"Nov 21, 2022"
Incredible course! Clear explanation of complex concepts.,user_131,5,course-190,"May 25, 2023"
"Fantastic instructor, great pace, and awesome community support.",user_131,5,course-145,"May 15, 2023"
Comprehensive syllabus. Helped me transition into my new role.,user_131,5,course-173,"May 05, 2021"
"Fantastic instructor, great pace, and awesome community support.",user_131,5,course-175,"May 23, 2022"
Great depth of coverage and excellent reference reading material.,user_131,4,course-155,"Feb 14, 2021"
The assignments and real-world projects were top notch.,user_131,5,course-045,"Feb 18, 2021"
"Fantastic instructor, great pace, and awesome community support.",user_131,4,course-017,"Jun 30, 2022"
Incredible course! Clear explanation of complex concepts.,user_131,5,course-151,"Feb 06, 2022"
Incredible course! Clear explanation of complex concepts.,user_131,4,course-033,"Jun 21, 2023"
Incredible course! Clear explanation of complex concepts.,user_131,5,course-191,"Jan 26, 2023"
Practical and hands-on. Directly applicable to industry work.,user_131,4,course-067,"Mar 10, 2022"
Highly recommended for anyone wanting to master this topic!,user_132,5,course-235,"Mar 28, 2023"
Comprehensive syllabus. Helped me transition into my new role.,user_132,5,course-064,"May 11, 2023"
Incredible course! Clear explanation of complex concepts.,user_132,4,course-051,"Apr 30, 2022"
Comprehensive syllabus. Helped me transition into my new role.,user_132,4,course-043,"May 03, 2023"
Comprehensive syllabus. Helped me transition into my new role.,user_132,3,course-085,"Jun 17, 2022"
Incredible course! Clear explanation of complex concepts.,user_132,5,course-080,"Mar 06, 2023"
"Fantastic instructor, great pace, and awesome community support.",user_132,5,course-017,"Feb 22, 2023"
"Fantastic instructor, great pace, and awesome community support.",user_132,3,course-161,"Aug 16, 2022"
Incredible course! Clear explanation of complex concepts.,user_132,4,course-025,"Jul 28, 2023"
Comprehensive syllabus. Helped me transition into my new role.,user_132,3,course-008,"Jul 01, 2023"
Incredible course! Clear explanation of complex concepts.,user_132,5,course-123,"Mar 13, 2023"
Great depth of coverage and excellent reference reading material.,user_132,4,course-111,"Mar 29, 2022"
"Fantastic instructor, great pace, and awesome community support.",user_133,5,course-078,"Apr 09, 2021"
"Fantastic instructor, great pace, and awesome community support.",user_133,5,course-157,"Aug 27, 2021"
Great depth of coverage and excellent reference reading material.,user_133,5,course-161,"Nov 07, 2022"
"Fantastic instructor, great pace, and awesome community support.",user_133,5,course-111,"Jan 29, 2022"
"Fantastic instructor, great pace, and awesome community support.",user_133,5,course-017,"Jun 21, 2023"
Incredible course! Clear explanation of complex concepts.,user_133,5,course-027,"Dec 14, 2021"
Practical and hands-on. Directly applicable to industry work.,user_133,5,course-174,"Mar 13, 2023"
Highly recommended for anyone wanting to master this topic!,user_133,3,course-015,"Dec 03, 2021"
Incredible course! Clear explanation of complex concepts.,user_133,5,course-144,"Apr 16, 2021"
Practical and hands-on. Directly applicable to industry work.,user_133,3,course-014,"Mar 11, 2021"
Great depth of coverage and excellent reference reading material.,user_133,5,course-076,"Jul 18, 2021"
Comprehensive syllabus. Helped me transition into my new role.,user_134,3,course-164,"Aug 22, 2022"
Practical and hands-on. Directly applicable to industry work.,user_134,5,course-131,"Feb 12, 2023"
Highly recommended for anyone wanting to master this topic!,user_134,4,course-066,"Jun 26, 2023"
The assignments and real-world projects were top notch.,user_134,5,course-091,"May 31, 2021"
Highly recommended for anyone wanting to master this topic!,user_134,5,course-108,"Dec 18, 2021"
Incredible course! Clear explanation of complex concepts.,user_134,4,course-124,"Jun 15, 2022"
Practical and hands-on. Directly applicable to industry work.,user_134,5,course-186,"May 29, 2021"
Highly recommended for anyone wanting to master this topic!,user_134,3,course-159,"Apr 19, 2023"
Great depth of coverage and excellent reference reading material.,user_134,5,course-114,"Feb 25, 2021"
The assignments and real-world projects were top notch.,user_134,5,course-048,"Sep 27, 2023"
The assignments and real-world projects were top notch.,user_134,4,course-063,"Mar 16, 2023"
The assignments and real-world projects were top notch.,user_134,3,course-036,"Nov 15, 2022"
Practical and hands-on. Directly applicable to industry work.,user_134,5,course-205,"Apr 24, 2022"
Comprehensive syllabus. Helped me transition into my new role.,user_134,5,course-012,"May 23, 2023"
The assignments and real-world projects were top notch.,user_135,5,course-158,"May 08, 2022"
Great depth of coverage and excellent reference reading material.,user_135,5,course-077,"Dec 06, 2021"
"Fantastic instructor, great pace, and awesome community support.",user_135,5,course-108,"Jul 30, 2021"
Great depth of coverage and excellent reference reading material.,user_135,5,course-085,"Jan 07, 2021"
Incredible course! Clear explanation of complex concepts.,user_135,4,course-042,"Jan 02, 2022"
Incredible course! Clear explanation of complex concepts.,user_135,3,course-027,"May 26, 2021"
The assignments and real-world projects were top notch.,user_135,4,course-117,"Oct 09, 2022"
Great depth of coverage and excellent reference reading material.,user_135,5,course-225,"Jan 04, 2022"
Incredible course! Clear explanation of complex concepts.,user_135,3,course-203,"Jul 23, 2021"
The assignments and real-world projects were top notch.,user_135,4,course-234,"Aug 13, 2021"
Practical and hands-on. Directly applicable to industry work.,user_135,5,course-011,"Jun 28, 2021"
Highly recommended for anyone wanting to master this topic!,user_135,4,course-127,"Sep 09, 2021"
Incredible course! Clear explanation of complex concepts.,user_135,4,course-057,"Jun 30, 2021"
Incredible course! Clear explanation of complex concepts.,user_135,5,course-236,"Jan 22, 2021"
The assignments and real-world projects were top notch.,user_135,5,course-001,"Jan 24, 2022"
Incredible course! Clear explanation of complex concepts.,user_135,5,course-164,"Dec 13, 2021"
Comprehensive syllabus. Helped me transition into my new role.,user_135,5,course-058,"Apr 13, 2022"
Great depth of coverage and excellent reference reading material.,user_135,4,course-178,"Jan 17, 2022"
Highly recommended for anyone wanting to master this topic!,user_135,5,course-059,"Sep 28, 2023"
Highly recommended for anyone wanting to master this topic!,user_135,5,course-120,"Jun 22, 2023"
Great depth of coverage and excellent reference reading material.,user_136,5,course-225,"Jul 03, 2022"
The assignments and real-world projects were top notch.,user_136,4,course-183,"Dec 02, 2021"
Practical and hands-on. Directly applicable to industry work.,user_136,4,course-017,"Mar 26, 2023"
The assignments and real-world projects were top notch.,user_136,4,course-031,"May 22, 2023"
Highly recommended for anyone wanting to master this topic!,user_136,5,course-037,"Jun 27, 2023"
Practical and hands-on. Directly applicable to industry work.,user_136,5,course-226,"Mar 25, 2021"
Great depth of coverage and excellent reference reading material.,user_136,5,course-237,"Nov 11, 2022"
The assignments and real-world projects were top notch.,user_136,5,course-034,"Jun 05, 2022"
Practical and hands-on. Directly applicable to industry work.,user_136,4,course-204,"Feb 09, 2023"
"Fantastic instructor, great pace, and awesome community support.",user_136,5,course-049,"Jun 16, 2022"
Comprehensive syllabus. Helped me transition into my new role.,user_136,5,course-050,"Dec 31, 2022"
Practical and hands-on. Directly applicable to industry work.,user_136,4,course-137,"May 10, 2022"
"Fantastic instructor, great pace, and awesome community support.",user_136,5,course-097,"May 01, 2022"
"Fantastic instructor, great pace, and awesome community support.",user_136,4,course-178,"Oct 16, 2022"
Highly recommended for anyone wanting to master this topic!,user_136,5,course-096,"Oct 28, 2022"
The assignments and real-world projects were top notch.,user_136,3,course-082,"Jul 06, 2023"
Great depth of coverage and excellent reference reading material.,user_136,4,course-154,"Aug 29, 2021"
Comprehensive syllabus. Helped me transition into my new role.,user_136,4,course-110,"Mar 12, 2022"
Highly recommended for anyone wanting to master this topic!,user_136,5,course-163,"Jun 10, 2021"
Comprehensive syllabus. Helped me transition into my new role.,user_136,5,course-063,"Sep 18, 2021"
The assignments and real-world projects were top notch.,user_136,5,course-012,"Feb 09, 2023"
"Fantastic instructor, great pace, and awesome community support.",user_136,3,course-196,"Jun 16, 2022"
Highly recommended for anyone wanting to master this topic!,user_136,4,course-158,"Feb 12, 2021"
Highly recommended for anyone wanting to master this topic!,user_137,5,course-132,"Jul 14, 2022"
Great depth of coverage and excellent reference reading material.,user_137,5,course-160,"Oct 11, 2021"
Incredible course! Clear explanation of complex concepts.,user_137,5,course-087,"May 02, 2021"
Incredible course! Clear explanation of complex concepts.,user_137,3,course-110,"Jul 14, 2022"
The assignments and real-world projects were top notch.,user_137,4,course-116,"Nov 23, 2022"
Comprehensive syllabus. Helped me transition into my new role.,user_137,4,course-120,"Feb 03, 2023"
Practical and hands-on. Directly applicable to industry work.,user_137,5,course-111,"May 16, 2023"
Practical and hands-on. Directly applicable to industry work.,user_137,4,course-105,"Sep 11, 2022"
Great depth of coverage and excellent reference reading material.,user_137,5,course-095,"Feb 10, 2023"
Highly recommended for anyone wanting to master this topic!,user_137,5,course-206,"Jul 24, 2023"
Great depth of coverage and excellent reference reading material.,user_137,4,course-128,"Nov 03, 2021"
Comprehensive syllabus. Helped me transition into my new role.,user_137,4,course-082,"Mar 13, 2023"
"Fantastic instructor, great pace, and awesome community support.",user_137,5,course-070,"Apr 22, 2023"
Practical and hands-on. Directly applicable to industry work.,user_137,5,course-098,"Jan 13, 2021"
Highly recommended for anyone wanting to master this topic!,user_137,5,course-007,"Feb 19, 2023"
Great depth of coverage and excellent reference reading material.,user_137,5,course-046,"Feb 12, 2022"
Practical and hands-on. Directly applicable to industry work.,user_137,4,course-114,"Feb 07, 2023"
The assignments and real-world projects were top notch.,user_137,4,course-060,"Jun 13, 2022"
Highly recommended for anyone wanting to master this topic!,user_137,5,course-068,"Feb 15, 2023"
Great depth of coverage and excellent reference reading material.,user_137,5,course-166,"Apr 18, 2022"
Incredible course! Clear explanation of complex concepts.,user_137,4,course-020,"Nov 17, 2021"
"Fantastic instructor, great pace, and awesome community support.",user_137,5,course-092,"Feb 28, 2023"
"Fantastic instructor, great pace, and awesome community support.",user_137,5,course-022,"Aug 03, 2021"
Great depth of coverage and excellent reference reading material.,user_137,5,course-076,"Jul 26, 2022"
Great depth of coverage and excellent reference reading material.,user_138,5,course-096,"Dec 30, 2021"
"Fantastic instructor, great pace, and awesome community support.",user_138,4,course-036,"Mar 12, 2022"
"Fantastic instructor, great pace, and awesome community support.",user_138,5,course-148,"Feb 21, 2023"
Highly recommended for anyone wanting to master this topic!,user_138,5,course-224,"Nov 03, 2021"
Incredible course! Clear explanation of complex concepts.,user_138,4,course-033,"Aug 05, 2022"
The assignments and real-world projects were top notch.,user_138,5,course-079,"Jun 07, 2021"
Comprehensive syllabus. Helped me transition into my new role.,user_138,5,course-242,"Aug 05, 2022"
Highly recommended for anyone wanting to master this topic!,user_138,5,course-189,"Jul 25, 2023"
Great depth of coverage and excellent reference reading material.,user_138,5,course-003,"Feb 05, 2022"
The assignments and real-world projects were top notch.,user_138,5,course-128,"Aug 30, 2023"
The assignments and real-world projects were top notch.,user_139,5,course-017,"Jul 23, 2021"
"Fantastic instructor, great pace, and awesome community support.",user_139,3,course-137,"Oct 18, 2021"
Comprehensive syllabus. Helped me transition into my new role.,user_139,4,course-099,"Nov 07, 2022"
"Fantastic instructor, great pace, and awesome community support.",user_139,5,course-049,"Feb 28, 2021"
Incredible course! Clear explanation of complex concepts.,user_139,4,course-122,"Jun 25, 2021"
"Fantastic instructor, great pace, and awesome community support.",user_139,4,course-028,"Feb 05, 2022"
Incredible course! Clear explanation of complex concepts.,user_139,4,course-085,"May 13, 2021"
"Fantastic instructor, great pace, and awesome community support.",user_139,5,course-146,"Jan 31, 2023"
Great depth of coverage and excellent reference reading material.,user_139,3,course-116,"Jul 31, 2021"
The assignments and real-world projects were top notch.,user_139,4,course-164,"Nov 14, 2021"
Practical and hands-on. Directly applicable to industry work.,user_139,5,course-230,"Nov 12, 2022"
Highly recommended for anyone wanting to master this topic!,user_139,5,course-078,"Aug 12, 2022"
Highly recommended for anyone wanting to master this topic!,user_139,5,course-024,"Jul 27, 2021"
Practical and hands-on. Directly applicable to industry work.,user_139,5,course-044,"Apr 15, 2022"
Incredible course! Clear explanation of complex concepts.,user_139,4,course-027,"May 27, 2021"
Great depth of coverage and excellent reference reading material.,user_139,5,course-173,"Feb 13, 2022"
The assignments and real-world projects were top notch.,user_139,5,course-142,"Jun 23, 2022"
Highly recommended for anyone wanting to master this topic!,user_139,4,course-046,"Jun 20, 2023"
"Fantastic instructor, great pace, and awesome community support.",user_139,5,course-009,"Aug 13, 2022"
Incredible course! Clear explanation of complex concepts.,user_139,3,course-212,"Oct 22, 2021"
"Fantastic instructor, great pace, and awesome community support.",user_139,5,course-177,"Dec 22, 2021"
Practical and hands-on. Directly applicable to industry work.,user_139,5,course-155,"Mar 23, 2023"
"Fantastic instructor, great pace, and awesome community support.",user_140,5,course-101,"Dec 17, 2022"
The assignments and real-world projects were top notch.,user_140,5,course-157,"Jun 26, 2023"
Comprehensive syllabus. Helped me transition into my new role.,user_140,5,course-211,"Jun 23, 2023"
Comprehensive syllabus. Helped me transition into my new role.,user_140,5,course-208,"Nov 14, 2022"
Practical and hands-on. Directly applicable to industry work.,user_140,5,course-218,"Jan 14, 2023"
The assignments and real-world projects were top notch.,user_140,5,course-045,"Jul 20, 2023"
Great depth of coverage and excellent reference reading material.,user_140,5,course-107,"Jul 21, 2022"
Comprehensive syllabus. Helped me transition into my new role.,user_140,4,course-064,"Mar 20, 2021"
Highly recommended for anyone wanting to master this topic!,user_140,5,course-046,"Feb 24, 2023"
"Fantastic instructor, great pace, and awesome community support.",user_140,5,course-231,"Apr 07, 2022"
The assignments and real-world projects were top notch.,user_140,4,course-159,"Jun 03, 2022"
Incredible course! Clear explanation of complex concepts.,user_140,3,course-188,"Mar 16, 2021"
Practical and hands-on. Directly applicable to industry work.,user_140,5,course-111,"Feb 07, 2023"
Comprehensive syllabus. Helped me transition into my new role.,user_140,5,course-118,"Feb 03, 2023"
The assignments and real-world projects were top notch.,user_140,4,course-099,"Feb 11, 2022"
Comprehensive syllabus. Helped me transition into my new role.,user_140,3,course-234,"Apr 28, 2021"
The assignments and real-world projects were top notch.,user_140,5,course-169,"Dec 01, 2021"
"Fantastic instructor, great pace, and awesome community support.",user_140,5,course-047,"May 12, 2022"
Incredible course! Clear explanation of complex concepts.,user_140,5,course-179,"Jul 16, 2022"
"Fantastic instructor, great pace, and awesome community support.",user_141,5,course-183,"Jun 22, 2021"
Great depth of coverage and excellent reference reading material.,user_141,3,course-244,"Jan 12, 2021"
The assignments and real-world projects were top notch.,user_141,5,course-113,"Mar 28, 2022"
The assignments and real-world projects were top notch.,user_141,4,course-036,"Jan 02, 2023"
Practical and hands-on. Directly applicable to industry work.,user_141,3,course-121,"Jun 30, 2022"
Practical and hands-on. Directly applicable to industry work.,user_141,4,course-211,"Feb 18, 2021"
Great depth of coverage and excellent reference reading material.,user_141,5,course-072,"Jun 20, 2022"
Practical and hands-on. Directly applicable to industry work.,user_141,5,course-216,"Nov 07, 2022"
"Fantastic instructor, great pace, and awesome community support.",user_141,5,course-042,"Dec 08, 2022"
Incredible course! Clear explanation of complex concepts.,user_141,4,course-044,"Sep 05, 2022"
Great depth of coverage and excellent reference reading material.,user_141,3,course-215,"Jan 22, 2022"
The assignments and real-world projects were top notch.,user_141,5,course-005,"Jan 19, 2022"
The assignments and real-world projects were top notch.,user_141,5,course-156,"Apr 04, 2021"
Incredible course! Clear explanation of complex concepts.,user_141,3,course-026,"Jan 15, 2021"
The assignments and real-world projects were top notch.,user_141,4,course-046,"Nov 28, 2022"
The assignments and real-world projects were top notch.,user_141,5,course-076,"Sep 09, 2023"
Great depth of coverage and excellent reference reading material.,user_141,5,course-032,"May 06, 2023"
"Fantastic instructor, great pace, and awesome community support.",user_142,5,course-186,"May 04, 2021"
Incredible course! Clear explanation of complex concepts.,user_142,4,course-043,"Jan 01, 2022"
Incredible course! Clear explanation of complex concepts.,user_142,4,course-012,"Feb 16, 2022"
Incredible course! Clear explanation of complex concepts.,user_142,5,course-107,"Feb 03, 2022"
The assignments and real-world projects were top notch.,user_142,4,course-132,"Mar 09, 2021"
Comprehensive syllabus. Helped me transition into my new role.,user_142,5,course-028,"Oct 28, 2022"
Incredible course! Clear explanation of complex concepts.,user_142,5,course-209,"Mar 10, 2021"
"Fantastic instructor, great pace, and awesome community support.",user_142,5,course-084,"Nov 05, 2021"
"Fantastic instructor, great pace, and awesome community support.",user_142,5,course-083,"Apr 15, 2021"
Great depth of coverage and excellent reference reading material.,user_142,5,course-144,"Aug 03, 2023"
The assignments and real-world projects were top notch.,user_142,5,course-161,"Sep 15, 2021"
Highly recommended for anyone wanting to master this topic!,user_142,5,course-049,"Nov 29, 2021"
Practical and hands-on. Directly applicable to industry work.,user_142,5,course-160,"Feb 02, 2022"
Great depth of coverage and excellent reference reading material.,user_142,5,course-054,"Dec 12, 2022"
The assignments and real-world projects were top notch.,user_142,4,course-240,"Oct 13, 2022"
Incredible course! Clear explanation of complex concepts.,user_143,5,course-218,"Nov 13, 2021"
"Fantastic instructor, great pace, and awesome community support.",user_143,4,course-171,"Feb 15, 2023"
Incredible course! Clear explanation of complex concepts.,user_143,4,course-124,"Mar 03, 2021"
"Fantastic instructor, great pace, and awesome community support.",user_143,4,course-018,"Oct 31, 2021"
"Fantastic instructor, great pace, and awesome community support.",user_143,4,course-086,"Jul 29, 2021"
The assignments and real-world projects were top notch.,user_143,5,course-005,"Aug 04, 2023"
"Fantastic instructor, great pace, and awesome community support.",user_143,5,course-156,"Jan 27, 2023"
The assignments and real-world projects were top notch.,user_143,5,course-234,"Oct 12, 2021"
Great depth of coverage and excellent reference reading material.,user_143,4,course-150,"Feb 18, 2023"
Great depth of coverage and excellent reference reading material.,user_143,3,course-115,"Mar 01, 2022"
Comprehensive syllabus. Helped me transition into my new role.,user_143,5,course-098,"Feb 08, 2023"
Great depth of coverage and excellent reference reading material.,user_143,3,course-131,"Jan 21, 2023"
The assignments and real-world projects were top notch.,user_143,4,course-164,"Jul 30, 2021"
Practical and hands-on. Directly applicable to industry work.,user_143,5,course-190,"Sep 12, 2021"
Practical and hands-on. Directly applicable to industry work.,user_143,5,course-060,"Jan 07, 2023"
Great depth of coverage and excellent reference reading material.,user_143,4,course-129,"Jan 26, 2022"
The assignments and real-world projects were top notch.,user_143,5,course-151,"Mar 29, 2022"
Incredible course! Clear explanation of complex concepts.,user_143,5,course-181,"Jun 10, 2023"
The assignments and real-world projects were top notch.,user_143,5,course-004,"Feb 23, 2021"
The assignments and real-world projects were top notch.,user_143,5,course-006,"Aug 19, 2023"
The assignments and real-world projects were top notch.,user_144,4,course-033,"Sep 08, 2021"
Highly recommended for anyone wanting to master this topic!,user_144,5,course-024,"Sep 12, 2021"
Highly recommended for anyone wanting to master this topic!,user_144,4,course-045,"Apr 05, 2022"
The assignments and real-world projects were top notch.,user_144,5,course-152,"Oct 06, 2021"
"Fantastic instructor, great pace, and awesome community support.",user_144,5,course-141,"Mar 23, 2021"
Comprehensive syllabus. Helped me transition into my new role.,user_144,5,course-213,"Feb 12, 2022"
"Fantastic instructor, great pace, and awesome community support.",user_144,4,course-204,"Mar 28, 2022"
Highly recommended for anyone wanting to master this topic!,user_144,5,course-239,"Jan 23, 2023"
The assignments and real-world projects were top notch.,user_144,5,course-053,"Apr 20, 2023"
"Fantastic instructor, great pace, and awesome community support.",user_144,5,course-061,"Jan 21, 2021"
"Fantastic instructor, great pace, and awesome community support.",user_144,5,course-130,"May 25, 2023"
Comprehensive syllabus. Helped me transition into my new role.,user_144,3,course-021,"Sep 02, 2022"
Highly recommended for anyone wanting to master this topic!,user_144,5,course-110,"Jan 15, 2023"
"Fantastic instructor, great pace, and awesome community support.",user_144,4,course-186,"Apr 20, 2022"
Comprehensive syllabus. Helped me transition into my new role.,user_144,4,course-120,"Jan 20, 2022"
"Fantastic instructor, great pace, and awesome community support.",user_144,5,course-080,"Mar 15, 2021"
Comprehensive syllabus. Helped me transition into my new role.,user_145,5,course-035,"Jan 29, 2022"
Practical and hands-on. Directly applicable to industry work.,user_145,5,course-184,"Aug 26, 2022"
Incredible course! Clear explanation of complex concepts.,user_145,3,course-121,"Aug 02, 2023"
Highly recommended for anyone wanting to master this topic!,user_145,4,course-051,"Jun 16, 2021"
"Fantastic instructor, great pace, and awesome community support.",user_145,4,course-040,"Sep 08, 2023"
Great depth of coverage and excellent reference reading material.,user_145,4,course-235,"Jan 10, 2023"
Practical and hands-on. Directly applicable to industry work.,user_145,4,course-049,"May 16, 2022"
Comprehensive syllabus. Helped me transition into my new role.,user_145,5,course-002,"Dec 15, 2022"
"Fantastic instructor, great pace, and awesome community support.",user_145,3,course-004,"Aug 07, 2023"
The assignments and real-world projects were top notch.,user_145,5,course-221,"Sep 06, 2021"
Great depth of coverage and excellent reference reading material.,user_145,5,course-129,"Jan 06, 2022"
Practical and hands-on. Directly applicable to industry work.,user_145,5,course-187,"Jan 29, 2021"
Practical and hands-on. Directly applicable to industry work.,user_145,5,course-186,"Jun 01, 2021"
"Fantastic instructor, great pace, and awesome community support.",user_145,4,course-096,"Aug 25, 2023"
Comprehensive syllabus. Helped me transition into my new role.,user_145,5,course-126,"Sep 11, 2021"
Practical and hands-on. Directly applicable to industry work.,user_145,5,course-104,"May 12, 2023"
Incredible course! Clear explanation of complex concepts.,user_145,4,course-237,"Mar 01, 2023"
Practical and hands-on. Directly applicable to industry work.,user_145,3,course-107,"Jul 28, 2023"
Practical and hands-on. Directly applicable to industry work.,user_145,4,course-241,"Aug 24, 2022"
Incredible course! Clear explanation of complex concepts.,user_145,5,course-102,"Jun 15, 2022"
Great depth of coverage and excellent reference reading material.,user_146,5,course-225,"Jun 17, 2023"
Great depth of coverage and excellent reference reading material.,user_146,5,course-109,"Apr 02, 2021"
Highly recommended for anyone wanting to master this topic!,user_146,4,course-043,"Mar 07, 2023"
Great depth of coverage and excellent reference reading material.,user_146,5,course-213,"May 27, 2021"
The assignments and real-world projects were top notch.,user_146,4,course-110,"Aug 11, 2023"
Practical and hands-on. Directly applicable to industry work.,user_146,5,course-065,"Nov 12, 2021"
The assignments and real-world projects were top notch.,user_146,3,course-178,"Apr 16, 2023"
Incredible course! Clear explanation of complex concepts.,user_146,5,course-078,"Mar 13, 2021"
"Fantastic instructor, great pace, and awesome community support.",user_146,5,course-129,"Jun 22, 2022"
Comprehensive syllabus. Helped me transition into my new role.,user_146,5,course-248,"Jan 21, 2023"
The assignments and real-world projects were top notch.,user_146,5,course-137,"Jan 19, 2022"
The assignments and real-world projects were top notch.,user_146,4,course-169,"Jul 22, 2021"
Highly recommended for anyone wanting to master this topic!,user_146,5,course-227,"Aug 30, 2023"
Highly recommended for anyone wanting to master this topic!,user_146,4,course-098,"Apr 14, 2023"
The assignments and real-world projects were top notch.,user_146,4,course-151,"Mar 02, 2021"
Great depth of coverage and excellent reference reading material.,user_146,5,course-079,"Feb 17, 2023"
Incredible course! Clear explanation of complex concepts.,user_147,4,course-067,"Dec 17, 2021"
The assignments and real-world projects were top notch.,user_147,3,course-231,"May 05, 2022"
Great depth of coverage and excellent reference reading material.,user_147,5,course-224,"Apr 14, 2021"
Comprehensive syllabus. Helped me transition into my new role.,user_147,3,course-105,"Feb 09, 2023"
Practical and hands-on. Directly applicable to industry work.,user_147,5,course-113,"Aug 20, 2022"
Incredible course! Clear explanation of complex concepts.,user_147,5,course-161,"Apr 10, 2021"
Great depth of coverage and excellent reference reading material.,user_147,4,course-234,"Jan 08, 2021"
Highly recommended for anyone wanting to master this topic!,user_147,4,course-160,"Sep 13, 2023"
"Fantastic instructor, great pace, and awesome community support.",user_147,5,course-028,"Apr 30, 2022"
Highly recommended for anyone wanting to master this topic!,user_147,5,course-223,"Mar 16, 2022"
Practical and hands-on. Directly applicable to industry work.,user_147,4,course-163,"Jul 01, 2023"
Comprehensive syllabus. Helped me transition into my new role.,user_147,4,course-043,"Apr 17, 2023"
Comprehensive syllabus. Helped me transition into my new role.,user_147,4,course-021,"Nov 13, 2022"
Highly recommended for anyone wanting to master this topic!,user_147,4,course-076,"Feb 28, 2021"
Great depth of coverage and excellent reference reading material.,user_147,5,course-022,"Dec 05, 2021"
Incredible course! Clear explanation of complex concepts.,user_147,5,course-097,"Apr 13, 2022"
Practical and hands-on. Directly applicable to industry work.,user_148,5,course-186,"Jul 12, 2021"
Practical and hands-on. Directly applicable to industry work.,user_148,3,course-214,"Sep 08, 2023"
Comprehensive syllabus. Helped me transition into my new role.,user_148,5,course-228,"Jan 18, 2021"
Great depth of coverage and excellent reference reading material.,user_148,5,course-237,"Feb 16, 2021"
Practical and hands-on. Directly applicable to industry work.,user_148,5,course-036,"Nov 30, 2021"
The assignments and real-world projects were top notch.,user_148,5,course-007,"Sep 14, 2022"
Practical and hands-on. Directly applicable to industry work.,user_148,5,course-155,"Sep 20, 2022"
Comprehensive syllabus. Helped me transition into my new role.,user_148,5,course-032,"Mar 15, 2022"
"Fantastic instructor, great pace, and awesome community support.",user_148,5,course-223,"Nov 06, 2022"
Incredible course! Clear explanation of complex concepts.,user_148,5,course-136,"Jan 22, 2023"
Highly recommended for anyone wanting to master this topic!,user_148,4,course-072,"Jul 19, 2021"
Great depth of coverage and excellent reference reading material.,user_148,5,course-180,"Jun 17, 2022"
Great depth of coverage and excellent reference reading material.,user_148,5,course-193,"May 28, 2023"
Incredible course! Clear explanation of complex concepts.,user_148,5,course-209,"May 11, 2021"
Incredible course! Clear explanation of complex concepts.,user_148,5,course-064,"Nov 05, 2021"
Highly recommended for anyone wanting to master this topic!,user_148,5,course-095,"Jun 15, 2023"
"Fantastic instructor, great pace, and awesome community support.",user_148,5,course-116,"Sep 05, 2023"
Practical and hands-on. Directly applicable to industry work.,user_148,4,course-159,"Jul 08, 2022"
The assignments and real-world projects were top notch.,user_148,4,course-176,"Jun 24, 2021"
Practical and hands-on. Directly applicable to industry work.,user_148,5,course-169,"Dec 18, 2022"
"Fantastic instructor, great pace, and awesome community support.",user_148,3,course-242,"Jan 03, 2023"
Comprehensive syllabus. Helped me transition into my new role.,user_148,3,course-122,"Jul 14, 2023"
Highly recommended for anyone wanting to master this topic!,user_149,4,course-197,"Feb 24, 2023"
Incredible course! Clear explanation of complex concepts.,user_149,5,course-072,"Oct 22, 2022"
Practical and hands-on. Directly applicable to industry work.,user_149,4,course-057,"Jan 31, 2023"
"Fantastic instructor, great pace, and awesome community support.",user_149,5,course-185,"Nov 01, 2022"
Highly recommended for anyone wanting to master this topic!,user_149,5,course-066,"Sep 17, 2023"
Great depth of coverage and excellent reference reading material.,user_149,5,course-171,"Aug 27, 2021"
Incredible course! Clear explanation of complex concepts.,user_149,4,course-122,"Oct 25, 2021"
Incredible course! Clear explanation of complex concepts.,user_149,3,course-230,"Dec 15, 2021"
The assignments and real-world projects were top notch.,user_149,5,course-172,"Feb 02, 2023"
Highly recommended for anyone wanting to master this topic!,user_149,5,course-032,"Jan 12, 2022"
Comprehensive syllabus. Helped me transition into my new role.,user_149,4,course-245,"Sep 04, 2023"
Practical and hands-on. Directly applicable to industry work.,user_149,4,course-035,"Jan 02, 2021"
Highly recommended for anyone wanting to master this topic!,user_149,4,course-237,"Jul 03, 2022"
"Fantastic instructor, great pace, and awesome community support.",user_149,4,course-137,"Mar 10, 2022"
Comprehensive syllabus. Helped me transition into my new role.,user_149,4,course-163,"Mar 28, 2023"
Great depth of coverage and excellent reference reading material.,user_149,5,course-186,"May 10, 2021"
Highly recommended for anyone wanting to master this topic!,user_149,5,course-126,"Aug 28, 2022"
"Fantastic instructor, great pace, and awesome community support.",user_149,4,course-024,"Jan 10, 2021"
"Fantastic instructor, great pace, and awesome community support.",user_149,5,course-204,"Nov 20, 2021"
Comprehensive syllabus. Helped me transition into my new role.,user_149,4,course-178,"May 08, 2023"
Practical and hands-on. Directly applicable to industry work.,user_149,4,course-086,"Apr 12, 2022"
Comprehensive syllabus. Helped me transition into my new role.,user_149,4,course-224,"May 30, 2021"
The assignments and real-world projects were top notch.,user_150,5,course-154,"May 22, 2022"
"Fantastic instructor, great pace, and awesome community support.",user_150,4,course-082,"Mar 02, 2021"
Comprehensive syllabus. Helped me transition into my new role.,user_150,5,course-080,"Jun 06, 2021"
The assignments and real-world projects were top notch.,user_150,5,course-129,"May 19, 2023"
Great depth of coverage and excellent reference reading material.,user_150,5,course-177,"Aug 19, 2021"
Incredible course! Clear explanation of complex concepts.,user_150,5,course-032,"Aug 04, 2023"
The assignments and real-world projects were top notch.,user_150,5,course-071,"May 28, 2023"
"Fantastic instructor, great pace, and awesome community support.",user_150,5,course-218,"Nov 03, 2021"
Practical and hands-on. Directly applicable to industry work.,user_150,5,course-181,"Jul 24, 2023"
Incredible course! Clear explanation of complex concepts.,user_150,5,course-147,"Jul 16, 2022"
"Fantastic instructor, great pace, and awesome community support.",user_150,4,course-123,"Nov 26, 2022"
